Country;Record;1990;1991;1992;1993;1994;1995;1996;1997;1998;1999;2000;2001;2002;2003;2004;2005;2006;2007;2008;2009;2010;2011;2012;2013;2014;2015;2016;2017;2018;2019;2020;2021;2022
Afghanistan;CBA_GgCO2eq;1.324601e+04;1.305870e+04;1.287140e+04;1.290802e+04;1.286525e+04;1.363152e+04;1.473108e+04;1.566578e+04;1.605527e+04;1.692565e+04;1.540137e+04;1.452821e+04;1.714988e+04;1.854054e+04;1.838671e+04;1.942609e+04;2.010252e+04;2.122686e+04;2.373898e+04;2.696709e+04;3.146922e+04;3.638242e+04;3.453577e+04;3.290171e+04;3.220352e+04;3.221770e+04;3.315056e+04;3.343016e+04;3.263970e+04;3.536996e+04;3.638315e+04;3.617041e+04;3.629291e+04
Albania;CBA_GgCO2eq;6.466275e+03;6.629113e+03;6.791952e+03;6.634477e+03;6.752220e+03;6.598571e+03;7.006381e+03;6.963276e+03;7.734720e+03;8.175041e+03;7.111814e+03;7.978843e+03;8.181338e+03;8.927680e+03;9.615812e+03;9.261059e+03;9.935611e+03;1.063973e+04;1.080018e+04;1.086015e+04;1.100785e+04;1.178482e+04;1.122633e+04;1.173342e+04;1.228261e+04;1.110762e+04;1.012646e+04;1.127255e+04;1.145431e+04;1.129144e+04;1.115759e+04;1.009171e+04;1.069817e+04
Algeria;CBA_GgCO2eq;1.170883e+05;1.093101e+05;1.015319e+05;1.171044e+05;1.119089e+05;1.096553e+05;1.051227e+05;9.722499e+04;1.115792e+05;9.989875e+04;8.667976e+04;8.358607e+04;8.577064e+04;8.726355e+04;8.401855e+04;8.611794e+04;7.897202e+04;8.286786e+04;8.843087e+04;1.097441e+05;1.082072e+05;1.075533e+05;1.140389e+05;1.249574e+05;1.311782e+05;1.451187e+05;2.349399e+05;2.374973e+05;2.357236e+05;2.298487e+05;2.266776e+05;2.162579e+05;2.292533e+05
Andorra;CBA_GgCO2eq;9.029511e+02;8.929243e+02;8.828974e+02;8.410418e+02;8.869779e+02;9.270552e+02;9.601520e+02;1.017450e+03;9.820551e+02;1.052971e+03;1.051821e+03;1.096074e+03;1.125393e+03;1.139935e+03;1.198446e+03;1.240071e+03;1.241635e+03;1.263826e+03;1.238382e+03;1.125283e+03;1.136523e+03;1.127900e+03;1.076968e+03;1.042320e+03;9.637124e+02;9.707759e+02;5.232692e+02;5.218818e+02;7.288847e+02;7.064383e+02;6.428306e+02;6.818299e+02;7.052279e+02
Angola;CBA_GgCO2eq;4.511272e+04;4.527079e+04;4.542886e+04;4.570244e+04;4.568666e+04;4.078136e+04;4.085899e+04;4.806279e+04;4.981417e+04;4.079553e+04;4.820382e+04;4.965729e+04;4.966029e+04;5.432670e+04;5.607526e+04;5.528511e+04;4.851861e+04;5.646512e+04;6.105073e+04;7.386998e+04;6.869233e+04;6.556818e+04;6.690947e+04;7.159934e+04;7.445695e+04;7.322522e+04;8.356136e+04;8.398578e+04;6.674243e+04;6.454643e+04;5.922124e+04;5.913685e+04;6.306419e+04
Antigua;CBA_GgCO2eq;8.680681e+02;8.543479e+02;8.406277e+02;8.393304e+02;8.949599e+02;8.896597e+02;9.085663e+02;8.223697e+02;8.621711e+02;9.330006e+02;8.745098e+02;9.260500e+02;9.530700e+02;9.519723e+02;9.512792e+02;9.907471e+02;1.039699e+03;1.087617e+03;1.069420e+03;1.008559e+03;9.801438e+02;9.509044e+02;9.213098e+02;9.311392e+02;8.910694e+02;8.944577e+02;5.520130e+02;6.136121e+02;7.770396e+02;7.675369e+02;7.354246e+02;7.451280e+02;7.728832e+02
Argentina;CBA_GgCO2eq;2.251369e+05;2.415479e+05;2.579589e+05;2.632014e+05;2.679741e+05;2.627263e+05;2.759036e+05;2.795547e+05;2.857308e+05;2.914128e+05;2.905696e+05;2.903527e+05;2.393343e+05;2.590351e+05;2.712200e+05;2.795918e+05;2.890348e+05;3.063571e+05;3.123335e+05;2.935832e+05;3.081415e+05;3.218908e+05;3.309329e+05;3.446800e+05;3.366509e+05;3.480259e+05;3.511771e+05;3.486757e+05;3.239467e+05;3.195923e+05;3.189246e+05;3.291046e+05;3.297293e+05
Armenia;CBA_GgCO2eq;3.390752e+04;3.118595e+04;2.846437e+04;1.366225e+04;1.355792e+04;1.456476e+04;1.113042e+04;1.090563e+04;9.253597e+03;7.500798e+03;6.173612e+03;6.244891e+03;6.025967e+03;6.421295e+03;6.840689e+03;7.611114e+03;8.288308e+03;9.502674e+03;1.057383e+04;9.567942e+03;9.611388e+03;1.031058e+04;1.126611e+04;1.126945e+04;1.120109e+04;1.093281e+04;1.097683e+04;1.127872e+04;1.320376e+04;1.263414e+04;1.241332e+04;1.277041e+04;1.376886e+04
Aruba;CBA_GgCO2eq;1.241669e+03;1.209235e+03;1.176800e+03;1.266099e+03;1.297333e+03;1.304740e+03;1.345760e+03;1.442831e+03;1.368708e+03;1.423073e+03;2.445352e+03;2.483524e+03;2.566441e+03;2.644443e+03;2.558014e+03;2.621864e+03;2.675732e+03;2.770083e+03;2.642614e+03;2.715075e+03;2.648114e+03;2.739516e+03;1.966466e+03;1.634678e+03;1.560856e+03;1.559881e+03;8.038445e+02;7.952350e+02;9.691998e+02;9.740807e+02;9.808369e+02;9.553641e+02;8.570806e+02
Australia;CBA_GgCO2eq;4.266406e+05;4.199735e+05;4.133063e+05;4.062002e+05;4.174995e+05;4.286436e+05;4.352061e+05;4.224032e+05;4.630105e+05;4.693584e+05;4.760485e+05;4.687843e+05;4.798427e+05;5.025861e+05;5.427879e+05;5.338068e+05;5.398127e+05;5.681149e+05;5.343760e+05;5.481627e+05;5.566964e+05;5.740779e+05;5.826953e+05;5.684048e+05;5.607735e+05;5.685821e+05;5.406147e+05;5.584056e+05;5.324290e+05;5.211365e+05;5.217657e+05;4.951626e+05;5.160710e+05
Austria;CBA_GgCO2eq;1.064419e+05;1.076709e+05;1.088998e+05;1.073504e+05;1.105703e+05;1.155490e+05;1.184961e+05;1.170714e+05;1.163323e+05;1.150719e+05;1.148296e+05;1.160183e+05;1.161634e+05;1.248983e+05;1.282046e+05;1.289403e+05;1.294808e+05;1.292146e+05;1.290015e+05;1.191172e+05;1.234159e+05;1.229640e+05;1.202400e+05;1.196921e+05;1.141251e+05;1.159339e+05;6.854462e+04;7.583135e+04;1.134138e+05;1.088386e+05;1.074082e+05;1.069738e+05;1.046011e+05
Azerbaijan;CBA_GgCO2eq;9.875926e+04;8.531478e+04;7.187031e+04;6.539155e+04;5.668717e+04;5.940679e+04;5.353077e+04;4.945968e+04;4.852157e+04;4.805703e+04;4.629659e+04;4.612368e+04;4.608947e+04;4.533279e+04;4.666539e+04;4.778730e+04;4.419772e+04;4.375847e+04;5.035213e+04;5.043757e+04;4.942049e+04;4.959012e+04;5.108608e+04;5.292904e+04;5.467950e+04;5.556833e+04;6.361415e+04;6.050322e+04;6.200235e+04;6.470855e+04;5.898877e+04;6.051180e+04;6.116201e+04
Bahamas;CBA_GgCO2eq;4.147290e+03;4.056631e+03;3.965971e+03;3.893933e+03;4.006177e+03;4.026061e+03;3.946069e+03;3.740690e+03;4.061380e+03;4.093891e+03;4.178018e+03;4.052440e+03;4.000086e+03;3.907195e+03;3.909107e+03;3.876239e+03;4.010382e+03;4.004582e+03;4.454720e+03;3.621545e+03;4.336645e+03;3.916973e+03;3.992579e+03;4.859467e+03;4.356488e+03;4.003560e+03;2.873229e+03;3.218360e+03;3.291745e+03;3.294069e+03;3.201054e+03;3.201716e+03;3.216727e+03
Bahrain;CBA_GgCO2eq;2.694661e+04;2.714968e+04;2.735275e+04;3.080952e+04;3.031638e+04;2.957075e+04;3.095104e+04;3.033438e+04;3.205932e+04;3.287999e+04;3.208719e+04;2.900940e+04;2.969613e+04;2.939994e+04;2.916424e+04;3.088196e+04;2.899012e+04;3.345399e+04;3.565963e+04;3.695618e+04;3.684774e+04;3.693019e+04;3.800605e+04;4.349059e+04;4.261962e+04;4.333723e+04;3.260270e+04;3.322260e+04;3.038000e+04;3.026453e+04;3.309139e+04;2.761946e+04;2.984191e+04
Bangladesh;CBA_GgCO2eq;5.331947e+04;5.295024e+04;5.258102e+04;5.318252e+04;5.541327e+04;6.189560e+04;6.502557e+04;6.760888e+04;6.862269e+04;7.390246e+04;7.696046e+04;8.316498e+04;8.543019e+04;8.970350e+04;9.296244e+04;9.649050e+04;1.006480e+05;1.029815e+05;1.079936e+05;1.146489e+05;1.206010e+05;1.269958e+05;1.341624e+05;1.389265e+05;1.439295e+05;1.487356e+05;1.684390e+05;1.758637e+05;1.906705e+05;1.959007e+05;1.905959e+05;1.928880e+05;1.982366e+05
Barbados;CBA_GgCO2eq;4.660427e+03;4.689359e+03;4.718291e+03;5.427664e+03;4.899840e+03;5.118570e+03;5.122034e+03;4.808562e+03;5.575307e+03;5.817437e+03;5.674695e+03;5.772628e+03;5.746236e+03;5.876811e+03;6.061697e+03;6.235444e+03;6.322852e+03;6.303308e+03;6.771811e+03;6.717234e+03;6.299374e+03;6.338429e+03;6.332829e+03;6.271666e+03;5.812285e+03;5.808809e+03;4.381530e+03;4.095837e+03;4.307840e+03;4.452649e+03;4.285197e+03;4.353168e+03;4.262979e+03
Belarus;CBA_GgCO2eq;1.474695e+02;1.180542e+02;8.863887e+01;1.187900e+02;1.323142e+02;1.356541e+02;1.602172e+02;1.459590e+02;1.498491e+02;1.466876e+02;1.494713e+02;1.491115e+02;1.492096e+02;1.310226e+02;1.259721e+02;1.228917e+02;1.391282e+02;1.444543e+02;1.500464e+02;1.570662e+02;1.573319e+02;1.097493e+02;4.214546e+02;5.495671e+02;2.073092e+02;2.037927e+02;1.120582e+04;9.712423e+03;4.101812e+04;3.854284e+04;3.798178e+04;3.797733e+04;3.769015e+04
Belgium;CBA_GgCO2eq;1.358385e+05;1.380600e+05;1.402815e+05;1.399529e+05;1.460198e+05;1.494446e+05;1.497700e+05;1.371448e+05;1.448526e+05;1.394763e+05;1.447098e+05;1.378720e+05;1.384708e+05;1.403496e+05;1.421142e+05;1.403975e+05;1.398562e+05;1.390445e+05;1.422548e+05;1.319467e+05;1.316151e+05;1.229043e+05;1.220838e+05;1.223021e+05;1.166671e+05;1.202944e+05;1.410559e+05;1.453985e+05;1.493052e+05;1.420248e+05;1.398300e+05;1.395580e+05;1.353539e+05
Belize;CBA_GgCO2eq;1.228485e+03;1.285810e+03;1.343135e+03;1.277904e+03;1.238041e+03;1.200662e+03;1.185451e+03;1.234508e+03;1.172812e+03;1.244193e+03;1.248710e+03;1.420565e+03;1.484809e+03;1.545683e+03;1.511231e+03;1.522356e+03;1.583955e+03;1.611302e+03;1.560440e+03;1.634756e+03;1.605991e+03;1.705892e+03;1.604935e+03;1.763528e+03;1.669700e+03;1.837792e+03;1.330076e+03;1.291949e+03;1.334716e+03;1.443274e+03;1.436282e+03;1.441474e+03;1.471538e+03
Benin;CBA_GgCO2eq;5.970451e+03;6.206975e+03;6.443499e+03;6.646932e+03;6.941015e+03;6.882256e+03;7.585786e+03;7.767880e+03;7.908483e+03;8.280508e+03;8.321864e+03;8.023780e+03;9.060304e+03;9.321891e+03;9.547153e+03;1.023698e+04;1.090342e+04;1.174919e+04;1.152035e+04;1.210252e+04;1.294017e+04;1.303912e+04;1.303490e+04;1.390072e+04;1.419457e+04;1.498980e+04;1.464885e+04;1.510301e+04;1.621925e+04;1.620051e+04;1.589957e+04;1.653022e+04;1.713410e+04
Bermuda;CBA_GgCO2eq;0;0;0;0;0;0;0;0;0;0;0;0;0;0;0;0;0;0;0;0;0;0;0;0;0;0;0;0;0;0;0;0;0
Bhutan;CBA_GgCO2eq;1.659982e+03;1.604021e+03;1.548059e+03;1.473951e+03;1.528961e+03;1.682390e+03;1.706107e+03;1.848032e+03;1.767849e+03;1.846159e+03;1.670948e+03;1.701775e+03;1.777805e+03;1.677928e+03;1.614229e+03;1.736518e+03;1.588878e+03;1.587594e+03;1.558900e+03;1.835697e+03;2.114360e+03;2.336025e+03;2.352680e+03;2.417738e+03;2.328304e+03;2.360532e+03;2.521593e+03;2.570470e+03;3.277130e+03;3.582461e+03;3.383201e+03;3.579168e+03;3.675114e+03
Bolivia;CBA_GgCO2eq;1.724911e+04;1.844306e+04;1.963701e+04;2.019740e+04;2.142874e+04;2.475808e+04;3.350459e+04;4.339083e+04;4.768670e+04;4.610061e+04;4.202994e+04;3.371450e+04;3.101715e+04;3.331656e+04;3.975648e+04;4.294124e+04;4.383802e+04;4.241188e+04;4.348063e+04;4.883178e+04;4.944857e+04;5.039226e+04;5.382012e+04;5.736657e+04;5.906253e+04;6.116360e+04;7.410952e+04;7.721721e+04;9.073776e+04;8.934677e+04;9.051886e+04;9.232265e+04;9.463520e+04
Bosnia and Herzegovina;CBA_GgCO2eq;3.712658e+04;2.647350e+04;1.582043e+04;1.006290e+04;8.501613e+03;7.119419e+03;8.911965e+03;1.173944e+04;1.660615e+04;1.768252e+04;1.878740e+04;1.941824e+04;2.034166e+04;2.070582e+04;2.205525e+04;2.051382e+04;2.303732e+04;2.291590e+04;2.544655e+04;2.557725e+04;2.561847e+04;2.723979e+04;2.538320e+04;2.476184e+04;2.597037e+04;2.556191e+04;2.632216e+04;2.627816e+04;2.649054e+04;2.618685e+04;2.594406e+04;2.250140e+04;2.634888e+04
Botswana;CBA_GgCO2eq;1.634068e+04;1.630882e+04;1.627696e+04;1.677505e+04;1.679938e+04;1.788083e+04;1.848657e+04;1.847152e+04;1.835987e+04;1.783117e+04;1.823515e+04;2.062084e+04;2.084243e+04;1.550294e+04;1.682804e+04;1.738396e+04;1.911887e+04;1.824625e+04;2.726507e+04;1.932150e+04;3.125659e+04;3.552367e+04;2.475618e+04;2.554395e+04;1.889879e+04;2.214522e+04;1.564735e+04;1.854156e+04;1.760521e+04;1.578846e+04;1.775045e+04;1.712027e+04;1.826959e+04
Brazil;CBA_GgCO2eq;5.994479e+05;6.016766e+05;6.039053e+05;6.263393e+05;6.744177e+05;7.327961e+05;7.411185e+05;8.045896e+05;7.606098e+05;7.657916e+05;8.112958e+05;8.109585e+05;8.164183e+05;8.230051e+05;8.482734e+05;8.834273e+05;9.051485e+05;9.307426e+05;9.801507e+05;9.762122e+05;1.066363e+06;1.099531e+06;1.111819e+06;1.148663e+06;1.135161e+06;1.149393e+06;1.078618e+06;1.097837e+06;1.024980e+06;1.014590e+06;1.023079e+06;1.058328e+06;1.077661e+06
British Virgin Islands;CBA_GgCO2eq;4.021556e+02;3.741257e+02;3.460957e+02;3.780132e+02;4.249793e+02;4.529256e+02;4.726189e+02;5.066252e+02;4.825531e+02;5.430134e+02;5.511662e+02;5.831764e+02;5.857260e+02;5.292709e+02;5.122627e+02;5.430156e+02;5.391476e+02;5.292525e+02;5.055948e+02;4.945851e+02;5.135504e+02;6.159437e+02;5.862170e+02;5.652402e+02;5.195913e+02;5.296795e+02;1.854137e+02;1.762268e+02;2.929112e+02;2.791615e+02;2.666753e+02;2.730172e+02;2.776416e+02
Brunei;CBA_GgCO2eq;6.184480e+03;5.818226e+03;5.451971e+03;6.069482e+03;5.846318e+03;5.534897e+03;5.762769e+03;6.123203e+03;6.221267e+03;5.460311e+03;5.359060e+03;5.585625e+03;5.184342e+03;5.279760e+03;5.185024e+03;4.915874e+03;5.022816e+03;6.812278e+03;6.573908e+03;6.865881e+03;6.318598e+03;6.739516e+03;6.714354e+03;6.355494e+03;6.499742e+03;6.062176e+03;7.457769e+03;8.250236e+03;9.113145e+03;9.469121e+03;8.150688e+03;8.569859e+03;9.005421e+03
Bulgaria;CBA_GgCO2eq;8.053297e+04;6.452613e+04;4.851930e+04;5.529237e+04;4.841483e+04;4.982260e+04;4.263288e+04;3.992965e+04;4.160268e+04;4.068214e+04;3.870555e+04;4.327349e+04;4.221182e+04;4.769238e+04;4.857722e+04;5.003293e+04;4.982381e+04;5.387740e+04;5.373795e+04;4.843007e+04;4.661635e+04;4.801675e+04;4.484987e+04;4.138431e+04;4.215505e+04;4.483927e+04;5.809352e+04;6.018395e+04;6.306723e+04;6.046624e+04;5.233402e+04;5.921506e+04;5.715165e+04
Burkina Faso;CBA_GgCO2eq;7.667500e+03;7.732159e+03;7.796818e+03;7.807854e+03;7.844024e+03;8.577141e+03;9.329260e+03;1.009019e+04;1.062546e+04;1.150248e+04;1.180158e+04;1.221233e+04;1.272945e+04;1.592255e+04;1.681020e+04;1.782807e+04;1.856882e+04;1.982691e+04;2.151530e+04;2.217636e+04;2.286889e+04;2.403908e+04;2.492998e+04;2.585832e+04;2.697167e+04;2.678497e+04;2.521427e+04;2.570047e+04;2.825903e+04;2.889950e+04;2.908883e+04;2.959503e+04;2.978411e+04
Burundi;CBA_GgCO2eq;2.851504e+03;2.846059e+03;2.840614e+03;2.812529e+03;2.779738e+03;2.828962e+03;2.797140e+03;2.902799e+03;2.818314e+03;2.454684e+03;2.518613e+03;2.779697e+03;2.791023e+03;2.753119e+03;2.846934e+03;2.938911e+03;3.069897e+03;3.145921e+03;3.273098e+03;3.563752e+03;3.819448e+03;3.945121e+03;3.526073e+03;3.948986e+03;3.833797e+03;3.862655e+03;3.738117e+03;3.995395e+03;4.323460e+03;4.424244e+03;4.318791e+03;4.325904e+03;4.499215e+03
Cambodia;CBA_GgCO2eq;1.764058e+04;1.783268e+04;1.802478e+04;1.949407e+04;1.856797e+04;2.155518e+04;2.171640e+04;2.019719e+04;2.002766e+04;2.094129e+04;1.956695e+04;1.970295e+04;2.011542e+04;2.184670e+04;2.184437e+04;2.334658e+04;2.477418e+04;2.619725e+04;2.729309e+04;2.902393e+04;2.984159e+04;3.132156e+04;3.112558e+04;3.126590e+04;3.122208e+04;3.283300e+04;3.568212e+04;3.744212e+04;3.879056e+04;4.109459e+04;4.062564e+04;4.035627e+04;4.078146e+04
Cameroon;CBA_GgCO2eq;2.747577e+04;2.771359e+04;2.795141e+04;2.811007e+04;2.504847e+04;2.586840e+04;2.775293e+04;2.685349e+04;2.820360e+04;2.830716e+04;2.931614e+04;2.896395e+04;2.833219e+04;3.041404e+04;2.916944e+04;3.024905e+04;2.860334e+04;3.017133e+04;3.060738e+04;3.263864e+04;3.226707e+04;3.151364e+04;3.199570e+04;3.250137e+04;3.477024e+04;3.815568e+04;4.085201e+04;3.813436e+04;3.887303e+04;3.947353e+04;3.819031e+04;3.754338e+04;3.830513e+04
Canada;CBA_GgCO2eq;6.323467e+05;6.325110e+05;6.326754e+05;6.317292e+05;6.410958e+05;6.412482e+05;6.478555e+05;6.605364e+05;6.305146e+05;6.331850e+05;6.494446e+05;6.386734e+05;6.461836e+05;6.904915e+05;6.959130e+05;7.032048e+05;7.194574e+05;7.515378e+05;7.394587e+05;7.302459e+05;7.561855e+05;7.659210e+05;7.730178e+05;7.747375e+05;7.417854e+05;7.914367e+05;7.428593e+05;7.426742e+05;7.369873e+05;7.184977e+05;6.780410e+05;6.726921e+05;6.727777e+05
Cape Verde;CBA_GgCO2eq;6.683362e+02;6.768055e+02;6.852747e+02;6.694510e+02;7.092921e+02;7.562617e+02;7.291166e+02;7.757950e+02;7.527434e+02;8.494134e+02;8.183634e+02;8.875159e+02;9.855784e+02;9.563883e+02;1.007360e+03;1.111748e+03;1.161523e+03;1.231737e+03;1.216567e+03;1.267636e+03;1.293761e+03;1.406247e+03;1.238698e+03;1.200658e+03;1.126399e+03;1.141479e+03;6.353858e+02;6.720862e+02;1.037943e+03;1.074079e+03;1.081779e+03;1.095393e+03;1.088799e+03
Cayman Islands;CBA_GgCO2eq;0;0;0;0;0;0;0;0;0;0;0;0;0;0;0;0;0;0;0;0;0;0;0;0;0;0;0;0;0;0;0;0;0
Central African Republic;CBA_GgCO2eq;1.871421e+04;1.894781e+04;1.918142e+04;1.911595e+04;1.868878e+04;2.042187e+04;2.392874e+04;2.476857e+04;2.854098e+04;2.708334e+04;3.049965e+04;2.781238e+04;2.536014e+04;3.496777e+04;3.555382e+04;3.567884e+04;1.367158e+04;1.392355e+04;1.424483e+04;8.656971e+03;8.885380e+03;9.393746e+03;9.056340e+03;9.129211e+03;9.051610e+03;9.242516e+03;9.328257e+03;9.102612e+03;9.229823e+03;9.246213e+03;9.284904e+03;9.432895e+03;9.325620e+03
Chad;CBA_GgCO2eq;7.089968e+03;8.538589e+03;9.987210e+03;1.031423e+04;1.179963e+04;1.347994e+04;1.630558e+04;1.764422e+04;1.902199e+04;2.125538e+04;2.363035e+04;2.103214e+04;2.216942e+04;2.335006e+04;2.355369e+04;2.380575e+04;2.417017e+04;2.546022e+04;2.563256e+04;2.648187e+04;2.722281e+04;2.800278e+04;2.871463e+04;3.000000e+04;3.075127e+04;3.332194e+04;3.936201e+04;4.037360e+04;4.177479e+04;4.297789e+04;4.495786e+04;4.670270e+04;4.986327e+04
Chile;CBA_GgCO2eq;4.794713e+04;4.991793e+04;5.188874e+04;5.599475e+04;5.881077e+04;6.431041e+04;7.193775e+04;7.559796e+04;7.591082e+04;7.618784e+04;7.443172e+04;7.225651e+04;7.487299e+04;7.565970e+04;8.030131e+04;8.355787e+04;8.575243e+04;9.235447e+04;9.659127e+04;9.082866e+04;9.556936e+04;1.065231e+05;1.143235e+05;1.162894e+05;1.117773e+05;1.186654e+05;1.190424e+05;1.213504e+05;1.240340e+05;1.227282e+05;1.167113e+05;1.169188e+05;1.202864e+05
China;CBA_GgCO2eq;2.938625e+06;3.119233e+06;3.299840e+06;3.424815e+06;3.404098e+06;3.685145e+06;3.965644e+06;3.826433e+06;3.789010e+06;3.859996e+06;3.831459e+06;4.059775e+06;4.381153e+06;4.924543e+06;5.407281e+06;5.837381e+06;6.321213e+06;6.757415e+06;7.405245e+06;8.457252e+06;9.065992e+06;1.000232e+07;1.036181e+07;1.079375e+07;1.089572e+07;1.086682e+07;1.110135e+07;1.137827e+07;1.158487e+07;1.155661e+07;1.161050e+07;1.170802e+07;1.204622e+07
Colombia;CBA_GgCO2eq;1.014960e+05;1.055130e+05;1.095300e+05;1.161611e+05;1.217403e+05;1.247985e+05;1.269561e+05;1.364928e+05;1.294968e+05;1.201657e+05;1.218413e+05;1.171570e+05;1.025671e+05;1.192839e+05;1.253770e+05;1.210331e+05;1.404214e+05;1.475366e+05;1.518657e+05;1.564016e+05;1.688426e+05;1.726975e+05;1.786635e+05;1.837931e+05;1.851600e+05;1.904777e+05;1.812166e+05;1.766393e+05;1.821589e+05;1.878264e+05;1.775748e+05;1.832469e+05;1.927321e+05
Congo;CBA_GgCO2eq;1.166993e+04;1.175935e+04;1.184877e+04;1.133520e+04;9.829927e+03;1.060755e+04;1.153139e+04;1.171865e+04;1.200313e+04;1.151934e+04;1.104486e+04;1.111870e+04;8.424650e+03;1.012990e+04;1.081211e+04;1.237968e+04;1.325859e+04;1.189960e+04;1.182072e+04;1.388863e+04;1.398087e+04;1.285816e+04;1.277940e+04;1.320939e+04;1.275621e+04;1.357926e+04;1.993499e+04;1.986432e+04;1.983870e+04;2.093482e+04;2.135592e+04;1.944449e+04;2.037865e+04
Costa Rica;CBA_GgCO2eq;9.670454e+03;1.044097e+04;1.121149e+04;1.232544e+04;1.377356e+04;1.368465e+04;1.430188e+04;1.446763e+04;1.434074e+04;1.404519e+04;1.402442e+04;1.424159e+04;1.480154e+04;1.529227e+04;1.528827e+04;1.529207e+04;1.582679e+04;1.705435e+04;1.800597e+04;1.715375e+04;1.819618e+04;1.921565e+04;1.921542e+04;1.990747e+04;1.980120e+04;1.964818e+04;1.988395e+04;2.017906e+04;2.038237e+04;2.044685e+04;1.903003e+04;1.980722e+04;2.015067e+04
Croatia;CBA_GgCO2eq;3.694644e+04;3.027985e+04;2.361327e+04;2.465439e+04;2.488036e+04;2.762121e+04;2.827613e+04;2.991210e+04;2.907886e+04;2.972774e+04;2.857502e+04;3.025594e+04;3.115579e+04;3.438566e+04;3.507191e+04;3.552289e+04;3.683439e+04;3.882806e+04;3.879750e+04;3.524166e+04;3.418426e+04;3.375577e+04;3.172749e+04;3.062056e+04;2.945651e+04;3.005549e+04;2.228214e+04;2.321796e+04;2.426348e+04;2.342591e+04;2.357031e+04;2.317937e+04;2.331505e+04
Cuba;CBA_GgCO2eq;5.908541e+04;4.952260e+04;3.995978e+04;3.754945e+04;3.981035e+04;4.397663e+04;4.461395e+04;4.234751e+04;4.169173e+04;4.233614e+04;4.279359e+04;4.216963e+04;4.178717e+04;4.154449e+04;4.125467e+04;4.221488e+04;4.451799e+04;4.423777e+04;4.767261e+04;4.615860e+04;5.084870e+04;4.726031e+04;4.749349e+04;4.632143e+04;4.546022e+04;4.644425e+04;4.201391e+04;3.919657e+04;3.929755e+04;3.887530e+04;3.528916e+04;4.003109e+04;4.199676e+04
Cyprus;CBA_GgCO2eq;8.545380e+03;9.345566e+03;1.014575e+04;9.887655e+03;1.044386e+04;1.081311e+04;1.138935e+04;1.098826e+04;1.183647e+04;1.212617e+04;1.251411e+04;1.253014e+04;1.280392e+04;1.350323e+04;1.415417e+04;1.430774e+04;1.496647e+04;1.580801e+04;1.657431e+04;1.525519e+04;1.510907e+04;1.481657e+04;1.443598e+04;1.330308e+04;1.330971e+04;1.334179e+04;1.424459e+04;1.429522e+04;1.151484e+04;1.051667e+04;1.021477e+04;1.030185e+04;1.044542e+04
Czech Republic;CBA_GgCO2eq;1.255927e+05;1.185202e+05;1.114476e+05;1.183299e+05;1.175644e+05;1.184073e+05;1.244419e+05;1.166760e+05;1.170814e+05;1.117567e+05;1.156834e+05;1.160816e+05;1.199691e+05;1.225401e+05;1.219239e+05;1.214236e+05;1.210515e+05;1.224660e+05;1.244648e+05;1.192538e+05;1.191410e+05;1.163099e+05;1.147319e+05;1.083081e+05;1.048001e+05;1.079732e+05;9.434430e+04;9.154096e+04;1.115815e+05;7.102914e+04;7.028075e+04;7.228271e+04;7.275083e+04
Cote dIvoire;CBA_GgCO2eq;1.601153e+04;1.523916e+04;1.446680e+04;1.516777e+04;1.362380e+04;1.599198e+04;1.728377e+04;1.721847e+04;1.711665e+04;1.677436e+04;1.714797e+04;1.828371e+04;1.859958e+04;1.735021e+04;1.813008e+04;1.946005e+04;1.797470e+04;1.848634e+04;1.815351e+04;1.735185e+04;1.777131e+04;1.818300e+04;2.040434e+04;2.217258e+04;2.174741e+04;2.197823e+04;3.189338e+04;3.173880e+04;3.304931e+04;3.311171e+04;3.282357e+04;3.271886e+04;3.369589e+04
North Korea;CBA_GgCO2eq;1.982192e+05;1.835848e+05;1.689503e+05;1.558548e+05;1.398149e+05;1.156020e+05;1.030133e+05;8.865296e+04;7.536190e+04;7.530445e+04;6.632081e+04;7.375826e+04;7.308808e+04;7.642965e+04;7.702855e+04;8.108946e+04;8.253683e+04;6.910268e+04;7.110875e+04;5.798727e+04;5.231802e+04;4.097994e+04;4.158220e+04;3.451385e+04;3.754012e+04;3.362724e+04;5.613930e+04;5.060824e+04;5.111864e+04;5.305207e+04;5.230872e+04;5.524143e+04;5.784275e+04
DR Congo;CBA_GgCO2eq;5.956498e+04;5.918320e+04;5.880142e+04;5.892690e+04;5.869469e+04;6.092880e+04;5.363971e+04;5.525606e+04;6.148162e+04;6.067286e+04;6.023985e+04;5.898241e+04;5.817879e+04;5.850761e+04;6.197395e+04;6.206930e+04;6.286114e+04;5.869140e+04;6.249817e+04;6.280835e+04;6.558710e+04;6.456983e+04;7.107337e+04;7.690252e+04;7.737875e+04;7.819620e+04;8.036698e+04;8.269993e+04;8.270341e+04;8.354625e+04;8.368409e+04;8.361197e+04;8.476986e+04
Denmark;CBA_GgCO2eq;7.916525e+04;8.060081e+04;8.203637e+04;8.352185e+04;8.892382e+04;8.802950e+04;9.839313e+04;8.903879e+04;9.012448e+04;8.668488e+04;8.281658e+04;8.322888e+04;8.593702e+04;9.512204e+04;9.181107e+04;8.996203e+04;9.597155e+04;9.509453e+04;9.284973e+04;8.718876e+04;8.604140e+04;8.148864e+04;7.782808e+04;7.868991e+04;7.445608e+04;7.308807e+04;6.629938e+04;6.543316e+04;6.809350e+04;6.322997e+04;6.210748e+04;6.149530e+04;6.005671e+04
Djibouti;CBA_GgCO2eq;1.566520e+03;1.533842e+03;1.501163e+03;1.484585e+03;1.509227e+03;1.516800e+03;1.529023e+03;1.585206e+03;1.583360e+03;1.657898e+03;1.681280e+03;1.714759e+03;1.775061e+03;1.776538e+03;1.763580e+03;1.797494e+03;1.806078e+03;1.860979e+03;1.933123e+03;1.899696e+03;1.955505e+03;1.948146e+03;1.952799e+03;2.070609e+03;1.849459e+03;1.909538e+03;1.399725e+03;1.445507e+03;1.786152e+03;1.753248e+03;1.705304e+03;1.711338e+03;1.718966e+03
Dominican Republic;CBA_GgCO2eq;1.589749e+04;1.731262e+04;1.872775e+04;2.066714e+04;2.242631e+04;2.500939e+04;2.548797e+04;2.513491e+04;2.457756e+04;2.500832e+04;2.675598e+04;2.667788e+04;2.826104e+04;2.619595e+04;2.380217e+04;2.534133e+04;2.719350e+04;2.889710e+04;2.976892e+04;2.940922e+04;3.075706e+04;3.361667e+04;3.373086e+04;3.305624e+04;3.340424e+04;3.458727e+04;3.442436e+04;3.458327e+04;3.677291e+04;3.606804e+04;3.434511e+04;3.543978e+04;3.686521e+04
Ecuador;CBA_GgCO2eq;3.364859e+04;3.633900e+04;3.902942e+04;4.332431e+04;3.603648e+04;4.387636e+04;4.583308e+04;4.179931e+04;4.448940e+04;4.001983e+04;3.560030e+04;4.394929e+04;4.583086e+04;4.883999e+04;5.137684e+04;5.209749e+04;5.100273e+04;5.401246e+04;5.167546e+04;5.712606e+04;6.035200e+04;6.134208e+04;6.048282e+04;6.660833e+04;6.868022e+04;6.704561e+04;6.564516e+04;6.563228e+04;6.612944e+04;6.454477e+04;6.119015e+04;6.669267e+04;6.494059e+04
Egypt;CBA_GgCO2eq;1.359027e+05;1.367261e+05;1.375495e+05;1.506362e+05;1.424150e+05;1.541980e+05;1.558572e+05;1.663296e+05;1.774966e+05;1.815181e+05;1.970572e+05;1.897051e+05;1.961275e+05;2.157201e+05;2.273217e+05;2.522283e+05;2.672382e+05;2.793294e+05;2.932728e+05;2.976564e+05;2.973151e+05;3.132667e+05;3.114213e+05;3.101858e+05;3.216167e+05;3.163230e+05;3.649843e+05;3.820598e+05;3.710631e+05;3.669961e+05;3.414855e+05;3.535309e+05;3.593699e+05
El Salvador;CBA_GgCO2eq;9.288459e+03;9.785390e+03;1.028232e+04;1.090067e+04;1.170007e+04;1.225609e+04;1.214497e+04;1.297474e+04;1.373538e+04;1.394412e+04;1.411791e+04;1.452500e+04;1.477353e+04;1.508398e+04;1.509226e+04;1.542006e+04;1.629950e+04;1.688015e+04;1.650560e+04;1.575679e+04;1.599833e+04;1.625263e+04;1.667361e+04;1.619990e+04;1.631636e+04;1.674291e+04;1.529846e+04;1.476801e+04;1.543239e+04;1.556140e+04;1.469961e+04;1.520669e+04;1.527658e+04
Eritrea;CBA_GgCO2eq;4.370114e+03;4.512962e+03;4.655811e+03;4.071127e+03;4.347945e+03;4.466599e+03;5.014843e+03;5.479928e+03;5.280874e+03;5.473962e+03;5.355860e+03;5.221556e+03;5.170303e+03;5.488226e+03;5.622160e+03;5.664227e+03;5.285691e+03;5.540687e+03;5.434545e+03;5.619286e+03;5.507436e+03;5.561231e+03;5.661498e+03;5.813808e+03;5.709751e+03;5.758446e+03;5.849151e+03;5.983853e+03;6.150168e+03;6.132790e+03;6.033250e+03;6.019813e+03;6.147011e+03
Estonia;CBA_GgCO2eq;4.128406e+04;2.972919e+04;1.817432e+04;1.573750e+04;1.668770e+04;1.538424e+04;1.679228e+04;1.613703e+04;1.574557e+04;1.508877e+04;1.417216e+04;1.504952e+04;1.521506e+04;1.737087e+04;1.780732e+04;1.781664e+04;1.812816e+04;2.071236e+04;1.874067e+04;1.549440e+04;1.781197e+04;1.763887e+04;1.692938e+04;1.823158e+04;1.729931e+04;1.569684e+04;1.554597e+04;1.602108e+04;1.677164e+04;1.376723e+04;1.253434e+04;1.281969e+04;1.238080e+04
Ethiopia;CBA_GgCO2eq;5.217550e+04;5.298476e+04;5.379402e+04;4.893097e+04;1.269743e+03;1.278049e+03;1.439585e+03;1.415216e+03;1.279786e+03;1.407782e+03;9.577412e+02;1.491739e+03;1.556976e+03;1.585241e+03;1.731578e+03;2.045627e+03;2.419532e+03;2.588673e+03;3.073344e+03;3.219489e+03;3.270920e+03;3.378628e+03;3.593739e+03;3.524737e+03;3.131752e+03;3.275389e+03;1.714708e+04;2.732194e+04;1.652143e+04;1.884112e+04;1.617191e+04;1.668824e+04;1.546353e+04
Fiji;CBA_GgCO2eq;2.587055e+03;2.550591e+03;2.514126e+03;2.556166e+03;2.620272e+03;2.616324e+03;2.601853e+03;2.492486e+03;2.279035e+03;2.380468e+03;2.243663e+03;2.550118e+03;2.393507e+03;2.649145e+03;3.126271e+03;2.916205e+03;3.215886e+03;3.133613e+03;3.108201e+03;2.742602e+03;3.083848e+03;3.082535e+03;2.943350e+03;3.485926e+03;3.196708e+03;3.655533e+03;2.714783e+03;2.739881e+03;3.067348e+03;3.402164e+03;3.387657e+03;3.312492e+03;3.433959e+03
Finland;CBA_GgCO2eq;8.828033e+04;8.209262e+04;7.590491e+04;7.317477e+04;7.954945e+04;7.896485e+04;8.391452e+04;7.915394e+04;8.288059e+04;8.184893e+04;7.891810e+04;8.117665e+04;8.343961e+04;9.090739e+04;8.806691e+04;8.081123e+04;8.814184e+04;8.756957e+04;8.327808e+04;7.949739e+04;8.240524e+04;7.755605e+04;7.349691e+04;7.347245e+04;6.873627e+04;6.741814e+04;6.751362e+04;6.712029e+04;7.437997e+04;6.994768e+04;6.805182e+04;6.728005e+04;6.498490e+04
France;CBA_GgCO2eq;7.026546e+05;7.125692e+05;7.224838e+05;6.993176e+05;7.085739e+05;7.240525e+05;7.417509e+05;7.212908e+05;7.466412e+05;7.439571e+05;7.440670e+05;7.370711e+05;7.387695e+05;7.659600e+05;7.742957e+05;7.818779e+05;7.744574e+05;7.711659e+05;7.668324e+05;7.231504e+05;7.116258e+05;6.832544e+05;6.767424e+05;6.754338e+05;6.318346e+05;6.444585e+05;5.861253e+05;6.129246e+05;6.184773e+05;5.878111e+05;5.825437e+05;5.759579e+05;5.618057e+05
French Polynesia;CBA_GgCO2eq;0;0;0;0;0;0;0;0;0;0;0;0;0;0;0;0;0;0;0;0;0;0;0;0;0;0;0;0;0;0;0;0;0
Gabon;CBA_GgCO2eq;1.750410e+04;1.742171e+04;1.733932e+04;1.704842e+04;1.502600e+04;1.661751e+04;1.818472e+04;1.627526e+04;1.926820e+04;1.708532e+04;1.561912e+04;1.668873e+04;1.661443e+04;1.876184e+04;1.694560e+04;1.546025e+04;1.329508e+04;1.196538e+04;1.244117e+04;1.308917e+04;1.246457e+04;1.598576e+04;1.564893e+04;1.623569e+04;1.654730e+04;1.771242e+04;1.709728e+04;1.550798e+04;1.440643e+04;1.555542e+04;1.524893e+04;1.444292e+04;1.430998e+04
Gambia;CBA_GgCO2eq;1.621465e+03;1.597469e+03;1.573474e+03;1.578165e+03;1.636923e+03;1.655129e+03;1.719093e+03;1.630409e+03;1.693423e+03;1.718313e+03;1.775699e+03;1.688228e+03;1.587490e+03;1.679734e+03;1.805586e+03;1.872724e+03;1.934116e+03;1.956022e+03;2.076368e+03;2.328275e+03;2.450664e+03;2.283483e+03;2.293121e+03;2.331258e+03;2.396870e+03;2.549739e+03;2.131528e+03;2.216363e+03;2.320585e+03;2.507973e+03;2.484989e+03;2.498329e+03;2.508158e+03
Georgia;CBA_GgCO2eq;6.485861e+04;5.640612e+04;4.795362e+04;3.163240e+04;3.046523e+04;1.680442e+04;1.981771e+04;2.010744e+04;1.773087e+04;1.557911e+04;1.413839e+04;1.335395e+04;1.332513e+04;1.376119e+04;1.473227e+04;1.548963e+04;1.843962e+04;1.921724e+04;1.933190e+04;1.717119e+04;1.694004e+04;1.998003e+04;2.115425e+04;2.000124e+04;2.050428e+04;2.089244e+04;1.850192e+04;1.758443e+04;1.805822e+04;1.786156e+04;1.777095e+04;1.700415e+04;1.782120e+04
Germany;CBA_GgCO2eq;1.329430e+06;1.309521e+06;1.289612e+06;1.286862e+06;1.285044e+06;1.284230e+06;1.296598e+06;1.220942e+06;1.219055e+06;1.196977e+06;1.170996e+06;1.154449e+06;1.128848e+06;1.164806e+06;1.144639e+06;1.115493e+06;1.097355e+06;1.059197e+06;1.051062e+06;1.004876e+06;9.961441e+05;9.744285e+05;9.730214e+05;9.854040e+05;9.620397e+05;9.701088e+05;8.826455e+05;8.908144e+05;9.750975e+05;9.130730e+05;8.825034e+05;8.833369e+05;8.721210e+05
Ghana;CBA_GgCO2eq;1.216934e+04;1.227311e+04;1.237689e+04;1.263941e+04;1.253348e+04;1.277668e+04;1.353070e+04;1.404008e+04;1.422153e+04;1.551863e+04;1.594298e+04;1.646369e+04;1.684840e+04;1.851478e+04;1.886695e+04;2.001451e+04;2.249664e+04;2.294498e+04;2.448861e+04;2.222170e+04;2.473152e+04;2.944611e+04;3.086442e+04;3.251792e+04;3.306442e+04;3.540698e+04;4.407337e+04;4.346189e+04;4.620727e+04;4.847636e+04;5.618291e+04;6.532011e+04;5.433566e+04
Greece;CBA_GgCO2eq;1.364773e+05;1.387348e+05;1.409923e+05;1.418882e+05;1.456115e+05;1.506729e+05;1.613560e+05;1.574133e+05;1.713301e+05;1.760925e+05;1.811569e+05;1.798579e+05;1.812594e+05;1.940722e+05;1.954779e+05;1.981765e+05;1.954957e+05;2.032058e+05;2.019891e+05;1.867963e+05;1.766858e+05;1.655578e+05;1.568282e+05;1.452634e+05;1.362289e+05;1.360079e+05;8.983413e+04;9.464743e+04;9.566495e+04;8.996076e+04;8.576273e+04;8.495039e+04;8.341989e+04
Greenland;CBA_GgCO2eq;0;0;0;0;0;0;0;0;0;0;0;0;0;0;0;0;0;0;0;0;0;0;0;0;0;0;0;0;0;0;0;0;0
Guatemala;CBA_GgCO2eq;1.675697e+04;1.783474e+04;1.891251e+04;1.875016e+04;2.046971e+04;2.084826e+04;1.980456e+04;2.068121e+04;2.133958e+04;2.153373e+04;2.197014e+04;2.309954e+04;2.399529e+04;2.444395e+04;2.547500e+04;2.688677e+04;2.750350e+04;2.839011e+04;2.746358e+04;2.817944e+04;2.896070e+04;2.999091e+04;3.064459e+04;3.230594e+04;3.310603e+04;3.529548e+04;3.895425e+04;4.109500e+04;3.967258e+04;3.959158e+04;3.795254e+04;3.929026e+04;4.088083e+04
Guinea;CBA_GgCO2eq;9.732126e+03;9.928493e+03;1.012486e+04;1.046649e+04;1.085955e+04;1.142770e+04;1.107138e+04;1.061969e+04;1.092607e+04;1.128698e+04;1.155731e+04;1.198461e+04;1.302678e+04;1.343293e+04;1.344150e+04;1.374226e+04;1.290669e+04;1.451304e+04;1.478075e+04;1.600887e+04;1.673576e+04;1.691465e+04;1.844777e+04;1.923793e+04;1.916906e+04;1.936611e+04;2.440263e+04;2.186066e+04;2.350726e+04;2.459280e+04;2.468735e+04;2.532480e+04;2.579336e+04
Guyana;CBA_GgCO2eq;2.905376e+04;3.236023e+04;3.566670e+04;3.957423e+04;3.878076e+04;3.890526e+04;3.992396e+04;3.525495e+04;3.370192e+04;3.293583e+04;4.067143e+04;3.488839e+04;3.895589e+04;3.908877e+04;4.045144e+04;4.427119e+04;4.943480e+04;5.813743e+04;6.641895e+04;6.559903e+04;7.826318e+04;9.079279e+04;6.909133e+04;6.657422e+04;6.575963e+04;6.690320e+04;6.483641e+03;7.305057e+03;5.940102e+03;4.426803e+03;3.871134e+03;3.784186e+03;3.330323e+03
Haiti;CBA_GgCO2eq;6.208012e+03;6.404695e+03;6.601378e+03;6.343512e+03;6.369619e+03;7.650959e+03;8.389686e+03;8.732292e+03;8.716607e+03;8.924964e+03;8.570478e+03;9.100184e+03;9.381707e+03;9.134028e+03;9.700471e+03;9.992704e+03;1.018164e+04;1.075927e+04;1.100721e+04;1.112687e+04;1.167215e+04;1.157379e+04;1.174553e+04;1.192061e+04;1.240835e+04;1.290095e+04;1.312244e+04;1.370761e+04;1.429784e+04;1.442904e+04;1.405564e+04;1.438811e+04;1.431872e+04
Honduras;CBA_GgCO2eq;1.129925e+04;1.090780e+04;1.051636e+04;1.057511e+04;1.090365e+04;1.143789e+04;1.115326e+04;1.091155e+04;1.119848e+04;1.083479e+04;1.110807e+04;1.148857e+04;1.163642e+04;1.283739e+04;1.305375e+04;1.345554e+04;1.319787e+04;1.488669e+04;1.520117e+04;1.506040e+04;1.499113e+04;1.587392e+04;1.622357e+04;1.648951e+04;1.657294e+04;1.705740e+04;1.548732e+04;1.600235e+04;1.660964e+04;1.656313e+04;1.550588e+04;1.622526e+04;1.661826e+04
Hong Kong;CBA_GgCO2eq;1.524897e+05;1.687780e+05;1.850663e+05;2.260248e+05;2.810008e+05;2.944270e+05;2.697254e+05;2.697931e+05;2.635381e+05;2.562096e+05;2.778493e+05;2.675499e+05;2.767657e+05;3.145196e+05;3.608176e+05;3.798248e+05;4.264051e+05;4.488913e+05;4.407122e+05;4.022794e+05;4.536975e+05;4.881976e+05;4.848928e+05;4.856685e+05;4.751765e+05;4.569200e+05;2.008682e+05;2.025701e+05;2.070949e+05;1.993058e+05;1.961483e+05;1.967310e+05;1.996472e+05
Hungary;CBA_GgCO2eq;8.026231e+04;7.589594e+04;7.152958e+04;7.734190e+04;7.524785e+04;6.839732e+04;6.844921e+04;6.581682e+04;6.684232e+04;6.767346e+04;6.414586e+04;6.780659e+04;7.109921e+04;7.721533e+04;7.773934e+04;7.767456e+04;7.424799e+04;7.471711e+04;7.361631e+04;6.645088e+04;6.503288e+04;6.290904e+04;5.924505e+04;5.708385e+04;5.584311e+04;5.825093e+04;5.411109e+04;5.774845e+04;6.359239e+04;6.083229e+04;5.969902e+04;5.987650e+04;6.008714e+04
Iceland;CBA_GgCO2eq;4.937035e+03;4.849557e+03;4.762078e+03;4.574822e+03;4.581876e+03;4.756042e+03;5.018229e+03;5.086608e+03;5.457238e+03;5.701786e+03;5.750049e+03;5.424767e+03;5.513438e+03;5.905295e+03;6.381236e+03;6.824352e+03;7.740315e+03;8.045908e+03;7.354330e+03;6.071942e+03;5.991896e+03;5.984103e+03;5.972553e+03;5.997879e+03;5.800737e+03;5.825029e+03;5.850896e+03;6.164901e+03;7.123920e+03;6.819725e+03;6.724564e+03;6.683912e+03;6.905605e+03
India;CBA_GgCO2eq;1.118419e+06;1.149527e+06;1.180636e+06;1.189614e+06;1.250292e+06;1.297820e+06;1.356059e+06;1.386097e+06;1.422142e+06;1.489000e+06;1.488372e+06;1.500443e+06;1.485607e+06;1.536918e+06;1.585423e+06;1.647550e+06;1.703527e+06;1.805524e+06;1.884600e+06;2.076845e+06;2.094204e+06;2.191527e+06;2.332729e+06;2.323622e+06;2.498210e+06;2.598752e+06;2.610984e+06;2.703988e+06;2.824068e+06;2.873138e+06;2.680997e+06;2.881364e+06;2.949414e+06
Indonesia;CBA_GgCO2eq;2.867677e+05;3.039220e+05;3.210763e+05;3.406749e+05;3.623642e+05;3.839995e+05;4.098214e+05;4.152172e+05;3.589154e+05;4.286028e+05;4.194856e+05;4.491301e+05;4.734676e+05;5.172449e+05;5.163444e+05;5.139668e+05;5.336506e+05;5.581306e+05;5.591512e+05;5.993635e+05;6.514574e+05;6.950106e+05;7.335986e+05;7.032713e+05;7.267205e+05;7.520460e+05;8.064124e+05;8.381425e+05;8.593146e+05;8.679436e+05;8.203718e+05;8.184380e+05;8.471642e+05
Iran;CBA_GgCO2eq;3.184079e+05;3.295781e+05;3.407483e+05;3.400700e+05;3.573637e+05;3.652765e+05;3.733041e+05;3.658912e+05;3.942383e+05;4.436103e+05;4.287793e+05;4.537581e+05;4.664809e+05;5.066111e+05;5.497198e+05;5.727202e+05;6.268409e+05;6.402660e+05;6.686970e+05;7.001723e+05;7.220870e+05;7.443371e+05;7.651289e+05;7.352683e+05;7.492974e+05;7.691023e+05;7.469563e+05;7.714883e+05;7.896082e+05;8.043458e+05;8.273150e+05;8.624528e+05;8.176505e+05
Iraq;CBA_GgCO2eq;1.428859e+05;1.151052e+05;8.732457e+04;9.385341e+04;9.769247e+04;9.147389e+04;7.331529e+04;6.139599e+04;6.497815e+04;6.674864e+04;6.827850e+04;8.994378e+04;8.995128e+04;1.103122e+05;1.406285e+05;1.440821e+05;1.349635e+05;1.118750e+05;1.444741e+05;1.823661e+05;1.946951e+05;2.198847e+05;2.457583e+05;2.669440e+05;2.712675e+05;2.805657e+05;3.241873e+05;3.463480e+05;3.966697e+05;3.834610e+05;3.669096e+05;3.698826e+05;4.046027e+05
Ireland;CBA_GgCO2eq;4.812871e+04;4.867362e+04;4.921852e+04;4.927439e+04;5.183778e+04;5.461633e+04;5.739529e+04;5.820521e+04;6.064455e+04;6.196687e+04;6.300444e+04;6.608564e+04;6.689713e+04;7.215680e+04;7.487512e+04;7.702187e+04;8.061537e+04;8.317076e+04;8.178006e+04;7.288787e+04;6.949294e+04;6.480551e+04;6.491814e+04;6.482413e+04;6.259058e+04;6.400218e+04;7.516360e+04;7.306798e+04;6.448682e+04;6.050089e+04;5.967954e+04;5.946604e+04;5.880573e+04
Israel;CBA_GgCO2eq;5.347172e+04;5.858846e+04;6.370521e+04;6.721143e+04;7.336196e+04;7.698146e+04;7.872718e+04;8.575729e+04;8.223462e+04;8.241649e+04;8.560532e+04;9.228798e+04;8.802858e+04;8.760916e+04;8.263550e+04;8.292457e+04;8.419811e+04;8.949144e+04;9.323643e+04;8.915341e+04;9.422119e+04;9.896390e+04;1.025945e+05;1.009706e+05;9.387057e+04;9.690307e+04;9.785071e+04;1.143533e+05;1.025666e+05;1.014519e+05;9.897173e+04;9.648706e+04;9.633576e+04
Italy;CBA_GgCO2eq;6.451547e+05;6.521417e+05;6.591288e+05;6.110047e+05;6.164718e+05;6.343023e+05;6.486306e+05;6.600659e+05;6.825261e+05;6.926854e+05;6.951803e+05;6.928267e+05;7.046395e+05;7.461334e+05;7.537977e+05;7.540060e+05;7.506005e+05;7.415789e+05;7.273372e+05;6.645164e+05;6.621132e+05;6.230100e+05;5.998533e+05;5.643769e+05;5.381255e+05;5.449320e+05;4.683723e+05;4.871796e+05;5.135206e+05;4.900905e+05;4.895663e+05;4.891102e+05;4.803724e+05
Jamaica;CBA_GgCO2eq;1.347591e+04;1.303699e+04;1.259808e+04;1.410682e+04;1.426207e+04;1.563308e+04;1.614429e+04;1.640907e+04;1.570787e+04;1.599728e+04;1.656950e+04;1.684113e+04;1.670784e+04;1.735257e+04;1.722033e+04;1.743849e+04;1.780601e+04;1.779181e+04;2.057341e+04;1.716389e+04;1.656706e+04;1.712370e+04;1.690241e+04;1.725708e+04;1.655078e+04;1.658734e+04;1.372422e+04;1.345148e+04;1.328686e+04;1.331369e+04;1.289575e+04;1.302763e+04;1.276953e+04
Japan;CBA_GgCO2eq;1.631010e+06;1.636695e+06;1.642380e+06;1.694589e+06;1.835546e+06;1.918360e+06;1.904933e+06;1.854600e+06;1.735725e+06;1.793952e+06;1.898995e+06;1.832687e+06;1.827919e+06;1.853446e+06;1.891822e+06;1.903625e+06;1.871211e+06;1.817552e+06;1.787257e+06;1.657958e+06;1.712956e+06;1.812173e+06;1.843326e+06;1.769556e+06;1.721875e+06;1.709526e+06;1.450583e+06;1.456493e+06;1.386219e+06;1.328025e+06;1.287772e+06;1.290317e+06;1.258371e+06
Jordan;CBA_GgCO2eq;1.631446e+04;1.761622e+04;1.891797e+04;1.888111e+04;2.021994e+04;2.047576e+04;2.181020e+04;2.129679e+04;2.246242e+04;2.264834e+04;2.437011e+04;2.527443e+04;2.628291e+04;2.739876e+04;3.032443e+04;3.315782e+04;3.424128e+04;3.547931e+04;3.540511e+04;3.534429e+04;3.504951e+04;3.649550e+04;3.920269e+04;3.882929e+04;3.930385e+04;3.901494e+04;4.142862e+04;4.390243e+04;3.766254e+04;3.573594e+04;3.412126e+04;3.440939e+04;3.345501e+04
Kazakhstan;CBA_GgCO2eq;4.032512e+05;3.578043e+05;3.123574e+05;2.824417e+05;2.468364e+05;2.241930e+05;2.085287e+05;1.968091e+05;1.950504e+05;1.667487e+05;1.819872e+05;1.841438e+05;1.977077e+05;2.106915e+05;2.150121e+05;2.252297e+05;2.422184e+05;2.484791e+05;2.336873e+05;2.406099e+05;2.560634e+05;2.415285e+05;2.488297e+05;2.604674e+05;2.897534e+05;2.968262e+05;1.508799e+06;1.487115e+06;2.729129e+05;2.581113e+05;2.477920e+05;2.494065e+05;2.604604e+05
Kenya;CBA_GgCO2eq;4.172585e+04;4.070634e+04;3.968682e+04;3.872000e+04;4.002870e+04;4.231931e+04;4.224122e+04;4.124654e+04;4.652978e+04;4.515321e+04;4.332388e+04;4.393713e+04;4.398461e+04;4.617324e+04;4.743384e+04;4.942798e+04;4.903985e+04;6.307072e+04;6.164111e+04;6.259306e+04;6.193834e+04;6.451371e+04;6.952326e+04;7.131746e+04;7.185101e+04;7.619101e+04;7.588776e+04;7.566323e+04;7.840217e+04;8.039738e+04;7.915684e+04;8.106097e+04;7.974114e+04
Kuwait;CBA_GgCO2eq;5.885886e+04;5.435711e+04;4.985536e+04;6.970053e+04;7.325442e+04;6.938492e+04;6.786846e+04;7.028448e+04;6.773147e+04;6.654892e+04;5.714629e+04;6.767154e+04;7.309274e+04;7.978418e+04;8.196660e+04;8.807425e+04;8.922902e+04;9.496507e+04;1.004984e+05;1.049781e+05;1.050385e+05;1.013311e+05;1.137871e+05;1.172551e+05;1.141331e+05;1.207451e+05;1.229152e+05;1.219127e+05;1.144286e+05;1.132340e+05;1.072324e+05;1.096013e+05;1.201290e+05
Kyrgyzstan;CBA_GgCO2eq;3.789193e+04;2.974494e+04;2.159794e+04;1.789590e+04;1.380040e+04;1.095116e+04;1.174906e+04;1.101793e+04;1.034744e+04;9.462357e+03;9.242984e+03;9.508523e+03;1.028936e+04;1.112520e+04;1.180357e+04;1.246513e+04;1.327960e+04;1.418425e+04;1.631258e+04;1.519445e+04;1.454098e+04;1.634454e+04;1.867709e+04;1.872826e+04;1.892941e+04;1.932516e+04;2.039435e+04;2.011149e+04;2.465099e+04;2.357401e+04;2.336248e+04;2.376084e+04;2.412110e+04
Laos;CBA_GgCO2eq;6.841328e+03;6.945163e+03;7.048999e+03;7.091937e+03;7.529266e+03;7.738856e+03;7.977692e+03;8.187471e+03;7.276429e+03;7.219017e+03;7.937030e+03;8.240341e+03;8.449703e+03;8.686894e+03;8.978028e+03;8.941689e+03;9.387154e+03;9.982352e+03;1.036834e+04;1.155266e+04;1.203842e+04;1.221778e+04;1.302828e+04;1.409871e+04;1.406673e+04;1.796624e+04;2.924382e+04;3.152523e+04;3.469742e+04;3.637489e+04;3.617637e+04;3.611540e+04;3.538311e+04
Latvia;CBA_GgCO2eq;3.379719e+04;2.382351e+04;1.384983e+04;1.344177e+04;1.346491e+04;1.289367e+04;1.400945e+04;1.346942e+04;1.379083e+04;1.325175e+04;1.247169e+04;1.334132e+04;1.353031e+04;1.410755e+04;1.462839e+04;1.499832e+04;1.706068e+04;1.897876e+04;1.847386e+04;1.591148e+04;1.678742e+04;1.677549e+04;1.650774e+04;1.645206e+04;1.558916e+04;1.576892e+04;1.611331e+04;1.622649e+04;1.791132e+04;1.716381e+04;1.693050e+04;1.697905e+04;1.648173e+04
Lebanon;CBA_GgCO2eq;1.522791e+04;1.713584e+04;1.904377e+04;2.177822e+04;2.357116e+04;2.584805e+04;2.639180e+04;2.654300e+04;2.675615e+04;2.634301e+04;2.470772e+04;2.654897e+04;2.546331e+04;2.917736e+04;2.875427e+04;2.773862e+04;2.657857e+04;2.478321e+04;2.946763e+04;3.345527e+04;3.369981e+04;3.506090e+04;3.720149e+04;3.661956e+04;3.827333e+04;3.975548e+04;3.914023e+04;4.180892e+04;3.424405e+04;3.412899e+04;3.430013e+04;3.492677e+04;3.563768e+04
Lesotho;CBA_GgCO2eq;4.404940e+03;4.541797e+03;4.678654e+03;4.462811e+03;4.298226e+03;4.143791e+03;4.085364e+03;4.392476e+03;3.957244e+03;4.531545e+03;4.382217e+03;4.341638e+03;4.168565e+03;4.443954e+03;4.508908e+03;4.724187e+03;4.694580e+03;4.858882e+03;4.905161e+03;5.435505e+03;6.115171e+03;6.429555e+03;6.310682e+03;6.105013e+03;5.827818e+03;5.843187e+03;3.745085e+03;3.969751e+03;4.417070e+03;4.430206e+03;4.454299e+03;4.369432e+03;4.251056e+03
Liberia;CBA_GgCO2eq;1.214915e+03;1.057869e+03;9.008224e+02;8.610592e+02;7.922805e+02;6.075143e+02;7.671540e+02;9.919210e+02;1.156562e+03;1.234149e+03;1.153182e+03;1.362558e+03;1.424963e+03;1.188977e+03;1.278995e+03;1.354141e+03;1.835743e+03;1.867906e+03;1.882539e+03;2.292850e+03;2.337300e+03;2.405311e+03;2.773962e+03;2.957210e+03;3.307204e+03;3.536372e+03;3.887034e+03;3.663514e+03;4.041512e+03;4.682143e+03;4.624347e+03;4.744644e+03;4.860882e+03
Libya;CBA_GgCO2eq;5.979766e+04;5.927387e+04;5.875008e+04;5.910225e+04;6.710742e+04;6.572569e+04;6.688945e+04;6.397542e+04;6.436551e+04;5.956095e+04;5.624154e+04;5.218032e+04;4.698853e+04;3.740570e+04;3.333902e+04;3.470079e+04;3.824175e+04;3.419549e+04;3.919161e+04;3.879442e+04;4.162276e+04;2.494731e+04;4.187581e+04;4.059889e+04;3.391606e+04;3.020604e+04;6.110724e+04;6.982429e+04;7.704245e+04;7.655919e+04;6.236395e+04;7.982391e+04;5.603420e+04
Liechtenstein;CBA_GgCO2eq;5.455463e+02;5.157073e+02;4.858684e+02;4.690627e+02;4.929599e+02;4.930511e+02;4.940957e+02;5.452686e+02;5.112783e+02;5.556157e+02;5.351037e+02;5.617789e+02;5.763282e+02;5.336494e+02;5.097466e+02;5.167524e+02;5.013447e+02;4.684922e+02;4.767774e+02;4.546956e+02;4.606537e+02;4.833818e+02;4.539528e+02;4.636413e+02;3.753548e+02;3.668375e+02;3.900456e+02;3.521079e+02;1.395070e+03;1.339921e+03;1.299020e+03;1.316711e+03;1.370673e+03
Lithuania;CBA_GgCO2eq;6.143512e+04;4.420550e+04;2.697587e+04;2.463363e+04;2.320422e+04;2.292739e+04;2.513644e+04;2.506769e+04;2.739814e+04;2.507843e+04;2.312695e+04;2.414883e+04;2.518638e+04;2.665869e+04;2.769737e+04;2.891652e+04;3.044216e+04;3.372548e+04;3.397629e+04;2.833524e+04;2.913085e+04;3.019769e+04;2.940985e+04;2.869896e+04;2.740208e+04;2.778607e+04;2.638799e+04;2.619438e+04;2.860654e+04;2.759357e+04;2.774513e+04;2.766744e+04;2.637468e+04
Luxembourg;CBA_GgCO2eq;1.486551e+04;1.523231e+04;1.559910e+04;1.586484e+04;1.569722e+04;1.449688e+04;1.525559e+04;1.490931e+04;1.510444e+04;1.576682e+04;1.686254e+04;1.690372e+04;1.751092e+04;1.859341e+04;2.041523e+04;2.046459e+04;2.078892e+04;2.117933e+04;2.216461e+04;2.102317e+04;2.213443e+04;2.350662e+04;2.246343e+04;2.275085e+04;2.093117e+04;2.070558e+04;9.286343e+03;9.539340e+03;1.005263e+04;9.588135e+03;9.039327e+03;9.032367e+03;8.842451e+03
Macao SAR;CBA_GgCO2eq;3.205447e+03;3.304366e+03;3.403284e+03;3.746083e+03;4.468043e+03;4.378407e+03;4.225203e+03;4.237655e+03;4.090956e+03;4.118148e+03;4.335442e+03;4.336517e+03;4.484197e+03;5.025527e+03;5.827459e+03;6.224748e+03;7.114022e+03;7.895980e+03;7.825554e+03;7.323516e+03;7.891521e+03;9.078622e+03;8.775653e+03;8.688540e+03;8.383097e+03;8.035893e+03;7.947768e+03;7.599241e+03;7.300326e+03;7.168238e+03;7.208244e+03;7.137761e+03;7.363263e+03
Madagascar;CBA_GgCO2eq;2.114334e+04;2.099007e+04;2.083681e+04;2.124186e+04;2.050927e+04;2.144860e+04;2.359429e+04;2.423062e+04;2.475444e+04;2.475020e+04;2.300171e+04;2.264144e+04;2.250582e+04;2.353260e+04;2.099273e+04;2.317759e+04;2.506282e+04;2.683108e+04;2.780167e+04;2.892822e+04;2.871509e+04;2.894908e+04;2.997216e+04;3.000523e+04;3.016050e+04;3.093645e+04;3.315103e+04;3.244406e+04;3.100476e+04;3.186513e+04;3.168936e+04;3.128093e+04;3.188092e+04
Malawi;CBA_GgCO2eq;6.334364e+03;6.494848e+03;6.655332e+03;6.801339e+03;5.890657e+03;6.115184e+03;6.658631e+03;6.941760e+03;6.652187e+03;6.964676e+03;6.912754e+03;6.822502e+03;7.582100e+03;7.714881e+03;7.833101e+03;8.157582e+03;8.402489e+03;8.721934e+03;9.670382e+03;1.025061e+04;1.074168e+04;1.068810e+04;1.093776e+04;1.132625e+04;1.103168e+04;1.210703e+04;1.261361e+04;1.330828e+04;1.467399e+04;1.573131e+04;1.555595e+04;1.625446e+04;1.642000e+04
Malaysia;CBA_GgCO2eq;7.130156e+04;8.523088e+04;9.916020e+04;1.077274e+05;1.176663e+05;1.208344e+05;1.393704e+05;1.407289e+05;1.042932e+05;1.126112e+05;1.346440e+05;1.335860e+05;1.400330e+05;1.439981e+05;1.481794e+05;1.562873e+05;1.613540e+05;1.771835e+05;1.843337e+05;1.865812e+05;1.963952e+05;2.000105e+05;2.158048e+05;2.320713e+05;2.362216e+05;2.392715e+05;2.358438e+05;2.333424e+05;2.439516e+05;2.432589e+05;2.356200e+05;2.292507e+05;2.331968e+05
Maldives;CBA_GgCO2eq;3.860467e+02;4.068122e+02;4.275776e+02;4.245865e+02;4.730706e+02;5.363151e+02;5.855405e+02;6.935092e+02;6.611442e+02;7.953198e+02;7.801434e+02;8.395360e+02;9.065892e+02;8.782539e+02;1.132463e+03;1.189767e+03;1.688109e+03;1.772552e+03;1.962992e+03;2.044171e+03;2.118480e+03;2.167496e+03;2.159656e+03;2.352202e+03;2.318802e+03;2.348804e+03;1.750027e+03;1.805293e+03;2.484239e+03;2.705940e+03;2.711102e+03;2.668955e+03;2.901473e+03
Mali;CBA_GgCO2eq;1.047039e+04;1.048336e+04;1.049633e+04;1.060110e+04;1.068808e+04;1.095168e+04;1.162762e+04;1.179762e+04;1.290665e+04;1.383640e+04;1.411174e+04;1.734836e+04;2.050832e+04;2.425701e+04;2.962050e+04;3.344907e+04;3.671076e+04;4.051426e+04;4.599342e+04;4.835296e+04;5.366341e+04;5.471937e+04;5.619095e+04;5.866235e+04;5.944598e+04;6.222196e+04;6.722787e+04;6.781824e+04;6.840931e+04;6.928009e+04;7.188205e+04;7.420576e+04;7.355506e+04
Malta;CBA_GgCO2eq;3.826617e+03;3.809746e+03;3.792875e+03;4.125886e+03;4.103017e+03;4.162218e+03;4.281574e+03;4.116826e+03;4.289464e+03;4.453422e+03;4.538781e+03;4.396075e+03;4.436702e+03;4.585334e+03;4.527683e+03;4.411276e+03;4.575601e+03;4.676590e+03;4.665275e+03;4.379501e+03;4.474005e+03;4.494806e+03;5.110437e+03;4.271555e+03;4.119941e+03;3.504367e+03;3.024090e+03;3.018974e+03;3.358563e+03;3.128960e+03;3.064973e+03;3.006940e+03;2.956266e+03
Mauritania;CBA_GgCO2eq;4.407902e+03;4.400771e+03;4.393641e+03;4.689593e+03;5.025603e+03;4.520374e+03;4.750421e+03;4.855950e+03;4.728820e+03;4.959607e+03;4.944848e+03;7.045458e+03;7.588612e+03;4.696599e+03;7.012930e+03;5.521033e+03;6.466949e+03;7.822849e+03;9.348614e+03;7.322931e+03;6.521853e+03;6.124236e+03;7.030690e+03;7.787050e+03;7.797103e+03;8.106557e+03;8.449575e+03;8.374338e+03;8.837407e+03;9.082425e+03;9.096586e+03;9.226406e+03;8.741203e+03
Mauritius;CBA_GgCO2eq;4.299599e+03;4.466651e+03;4.633703e+03;4.864509e+03;5.027884e+03;5.178918e+03;5.498800e+03;5.706435e+03;5.800866e+03;6.181250e+03;6.639528e+03;6.720613e+03;6.700856e+03;6.848526e+03;6.969782e+03;6.372505e+03;8.395073e+03;8.556021e+03;9.323590e+03;9.064017e+03;9.605736e+03;1.012833e+04;1.026023e+04;1.055718e+04;9.846570e+03;1.081540e+04;7.982109e+03;8.271869e+03;8.963112e+03;9.049441e+03;8.957000e+03;8.955677e+03;9.153498e+03
Mexico;CBA_GgCO2eq;4.624362e+05;4.690868e+05;4.757375e+05;4.853013e+05;5.098595e+05;4.484412e+05;4.807714e+05;5.193688e+05;5.407877e+05;5.280391e+05;5.546185e+05;5.478260e+05;5.615879e+05;5.634165e+05;5.564482e+05;5.724819e+05;5.923766e+05;6.289671e+05;6.874188e+05;6.550467e+05;6.461567e+05;6.507218e+05;6.327195e+05;6.479631e+05;6.360954e+05;6.600580e+05;6.544811e+05;6.414430e+05;6.301100e+05;6.408076e+05;5.962911e+05;6.051086e+05;5.978052e+05
Monaco;CBA_GgCO2eq;4.540753e+02;4.249950e+02;3.959147e+02;3.659563e+02;4.043927e+02;3.969182e+02;3.998679e+02;4.751441e+02;3.863826e+02;4.315266e+02;4.113992e+02;4.441844e+02;4.544986e+02;4.088567e+02;3.859498e+02;3.887319e+02;3.724729e+02;3.841606e+02;3.833509e+02;3.543039e+02;3.588918e+02;3.871773e+02;3.578608e+02;3.758413e+02;3.081455e+02;3.015113e+02;4.361272e+02;4.233931e+02;1.171211e+03;1.056728e+03;1.017044e+03;1.021876e+03;1.083420e+03
Mongolia;CBA_GgCO2eq;2.554085e+04;2.376917e+04;2.199749e+04;1.882013e+04;1.849863e+04;1.830761e+04;1.611459e+04;1.128160e+04;9.098913e+03;9.041982e+03;5.993308e+03;8.047389e+03;8.065096e+03;9.633496e+03;1.086155e+04;1.139911e+04;1.397564e+04;1.594707e+04;1.894582e+04;1.947898e+04;1.728262e+04;1.915671e+04;2.224113e+04;2.459015e+04;2.474971e+04;2.295880e+04;3.540041e+04;3.968759e+04;4.073102e+04;4.400106e+04;4.247966e+04;4.345477e+04;4.470931e+04
Montenegro;CBA_GgCO2eq;5.642685e+03;4.988831e+03;4.334977e+03;3.076862e+03;2.613112e+03;2.346864e+03;3.862248e+03;4.305408e+03;4.284825e+03;4.501868e+03;4.822236e+03;4.756860e+03;5.306214e+03;5.079557e+03;4.874911e+03;4.595025e+03;4.888499e+03;5.733662e+03;5.172559e+03;5.053297e+03;5.945363e+03;6.099047e+03;5.476308e+03;5.223682e+03;5.097649e+03;5.011296e+03;3.406737e+03;3.546464e+03;5.189447e+03;5.047826e+03;4.964230e+03;4.451925e+03;4.889849e+03
Morocco;CBA_GgCO2eq;3.861790e+04;3.806486e+04;3.751183e+04;3.744624e+04;3.986133e+04;4.143856e+04;4.350412e+04;4.388173e+04;4.493105e+04;4.634872e+04;4.744709e+04;4.839342e+04;5.030310e+04;5.289297e+04;5.484502e+04;5.619234e+04;5.742878e+04;5.988463e+04;6.281908e+04;6.725583e+04;6.790033e+04;7.490827e+04;7.750972e+04;7.818505e+04;7.806183e+04;8.040788e+04;7.920871e+04;8.084791e+04;8.362837e+04;8.535113e+04;8.157003e+04;8.490518e+04;8.454553e+04
Mozambique;CBA_GgCO2eq;2.191978e+04;2.189055e+04;2.186133e+04;2.225579e+04;2.224714e+04;2.246174e+04;2.235688e+04;2.101473e+04;2.325323e+04;2.282964e+04;2.180433e+04;2.378638e+04;2.617418e+04;2.708283e+04;2.723647e+04;2.910228e+04;2.796661e+04;2.902136e+04;3.032118e+04;2.857379e+04;3.034992e+04;3.395069e+04;3.598057e+04;3.859738e+04;4.232445e+04;4.074503e+04;4.310906e+04;4.169835e+04;4.856437e+04;4.679365e+04;4.407577e+04;4.493315e+04;4.650852e+04
Myanmar;CBA_GgCO2eq;2.954743e+04;2.949966e+04;2.945188e+04;3.074477e+04;3.229292e+04;3.391141e+04;3.346115e+04;3.037936e+04;3.000175e+04;3.204366e+04;2.946151e+04;3.163606e+04;3.310653e+04;3.821774e+04;3.974234e+04;4.068474e+04;4.282502e+04;4.463305e+04;4.383561e+04;4.578807e+04;4.825703e+04;4.909123e+04;4.683859e+04;4.844328e+04;5.126957e+04;5.615176e+04;6.678600e+04;6.863423e+04;7.304158e+04;7.200266e+04;7.148286e+04;6.985711e+04;7.601056e+04
Namibia;CBA_GgCO2eq;1.325859e+04;1.356409e+04;1.386959e+04;1.366144e+04;1.334181e+04;1.361369e+04;1.340486e+04;1.353586e+04;1.340388e+04;1.336166e+04;1.361041e+04;1.412339e+04;1.305793e+04;1.465201e+04;1.461809e+04;1.462198e+04;1.572487e+04;1.689681e+04;1.561352e+04;1.871181e+04;1.820150e+04;1.980685e+04;2.035176e+04;1.698146e+04;1.425030e+04;1.804164e+04;1.712283e+04;1.564968e+04;1.515755e+04;1.474314e+04;1.585885e+04;1.583726e+04;1.553063e+04
Nepal;CBA_GgCO2eq;2.353372e+04;2.346949e+04;2.340526e+04;2.404487e+04;2.461035e+04;2.576984e+04;2.586191e+04;2.555134e+04;2.432272e+04;2.515432e+04;2.452607e+04;2.543782e+04;2.532625e+04;2.598799e+04;2.560826e+04;2.649732e+04;2.759430e+04;2.837674e+04;2.940029e+04;3.167753e+04;3.394168e+04;3.481052e+04;3.519312e+04;3.682802e+04;3.821712e+04;3.751812e+04;4.454286e+04;4.760975e+04;4.971929e+04;4.999883e+04;4.916948e+04;4.903893e+04;5.171283e+04
Netherlands;CBA_GgCO2eq;2.129411e+05;2.182066e+05;2.234721e+05;2.262478e+05;2.304387e+05;2.343665e+05;2.413154e+05;2.228814e+05;2.379541e+05;2.313566e+05;2.297761e+05;2.381667e+05;2.400593e+05;2.543144e+05;2.622159e+05;2.572585e+05;2.601200e+05;2.607123e+05;2.628962e+05;2.531622e+05;2.575929e+05;2.435137e+05;2.393085e+05;2.369221e+05;2.233490e+05;2.335981e+05;2.205419e+05;2.255595e+05;2.223960e+05;2.107711e+05;2.081250e+05;2.039459e+05;1.997464e+05
Netherlands Antilles;CBA_GgCO2eq;6.724115e+03;5.630653e+03;4.537190e+03;5.554182e+03;5.572063e+03;5.486923e+03;5.103288e+03;5.084114e+03;1.430716e+03;2.774386e+03;5.133870e+03;5.213015e+03;5.081283e+03;5.129451e+03;5.362465e+03;5.276039e+03;5.251533e+03;5.548781e+03;5.426891e+03;5.505755e+03;4.254164e+03;4.774421e+03;5.461905e+03;4.852562e+03;5.183052e+03;5.503463e+03;6.898288e+03;7.317533e+03;7.264264e+03;7.200616e+03;6.286033e+03;7.026018e+03;6.975561e+03
New Caledonia;CBA_GgCO2eq;0;0;0;0;0;0;0;0;0;0;0;0;0;0;0;0;0;0;0;0;0;0;0;0;0;0;0;0;0;0;0;0;0
New Zealand;CBA_GgCO2eq;6.185322e+04;6.259506e+04;6.333690e+04;6.440623e+04;6.788876e+04;6.842918e+04;7.177840e+04;7.058868e+04;6.704119e+04;6.911754e+04;6.750597e+04;7.057514e+04;7.056129e+04;7.610611e+04;7.910076e+04;8.204976e+04;8.049114e+04;8.076080e+04;7.979145e+04;7.209273e+04;7.432123e+04;7.402582e+04;7.558088e+04;7.674646e+04;7.603086e+04;7.685172e+04;8.129753e+04;8.344454e+04;8.295473e+04;8.241360e+04;8.290471e+04;7.911867e+04;7.971140e+04
Nicaragua;CBA_GgCO2eq;1.077526e+04;1.061211e+04;1.044897e+04;1.072478e+04;1.087556e+04;1.044569e+04;1.045251e+04;1.123249e+04;1.124522e+04;1.261443e+04;1.275754e+04;1.294248e+04;1.317016e+04;1.386307e+04;1.361003e+04;1.404007e+04;1.418470e+04;1.455791e+04;1.470149e+04;1.473872e+04;1.508919e+04;1.628140e+04;1.663097e+04;1.668049e+04;1.740431e+04;1.841151e+04;1.668252e+04;1.630675e+04;1.559901e+04;1.611729e+04;1.601244e+04;1.643603e+04;1.631699e+04
Niger;CBA_GgCO2eq;6.157622e+03;6.818294e+03;7.478965e+03;8.358601e+03;8.933975e+03;9.179320e+03;9.897912e+03;1.061951e+04;1.214111e+04;1.288346e+04;1.234431e+04;1.288794e+04;1.324646e+04;1.470045e+04;1.553114e+04;1.573817e+04;1.598195e+04;1.659144e+04;1.757123e+04;1.900669e+04;1.906404e+04;2.009486e+04;2.187970e+04;2.352792e+04;2.462077e+04;2.493354e+04;2.766355e+04;2.805157e+04;3.081323e+04;3.166791e+04;3.255435e+04;3.390042e+04;3.438707e+04
Nigeria;CBA_GgCO2eq;2.342647e+05;2.508420e+05;2.674194e+05;2.758755e+05;2.840661e+05;3.091552e+05;3.524913e+05;3.375166e+05;2.853877e+05;2.714642e+05;2.504378e+05;2.842512e+05;2.622729e+05;3.077870e+05;2.975762e+05;3.081637e+05;3.036944e+05;3.074000e+05;3.031996e+05;2.926427e+05;3.440540e+05;3.690521e+05;3.838909e+05;3.888779e+05;3.855225e+05;3.705058e+05;4.005314e+05;4.029911e+05;4.392424e+05;4.405993e+05;4.359860e+05;4.343850e+05;4.498309e+05
Norway;CBA_GgCO2eq;6.941144e+04;6.759473e+04;6.577801e+04;6.638105e+04;6.917738e+04;7.114377e+04;7.626891e+04;7.573518e+04;7.320678e+04;7.179854e+04;7.011875e+04;7.093630e+04;7.227372e+04;7.922204e+04;8.107476e+04;8.270616e+04;8.265424e+04;8.970453e+04;9.002562e+04;8.186056e+04;8.800505e+04;8.948349e+04;8.967028e+04;9.181764e+04;8.962695e+04;8.900161e+04;8.451263e+04;8.655669e+04;8.682212e+04;7.944265e+04;8.012529e+04;7.896334e+04;7.682043e+04
Gaza Strip;CBA_GgCO2eq;0;0;0;0;0;0;0;0;0;0;0;0;0;0;0;0;0;0;0;0;0;0;0;0;0;0;0;0;0;0;0;0;0
Oman;CBA_GgCO2eq;2.128982e+04;2.266431e+04;2.403880e+04;2.454890e+04;2.503814e+04;2.421196e+04;2.306160e+04;2.368082e+04;2.310325e+04;2.306318e+04;2.051710e+04;2.331691e+04;2.543441e+04;3.032488e+04;3.078026e+04;3.042915e+04;3.524864e+04;3.910974e+04;4.107865e+04;4.512005e+04;4.627906e+04;5.027822e+04;5.600045e+04;5.684459e+04;5.601623e+04;5.861475e+04;7.855205e+04;7.603780e+04;6.583736e+04;6.378614e+04;6.202571e+04;6.402446e+04;6.519586e+04
Pakistan;CBA_GgCO2eq;1.836715e+05;1.874263e+05;1.911811e+05;2.008553e+05;2.076292e+05;2.122467e+05;2.251807e+05;2.270884e+05;2.302771e+05;2.354350e+05;2.405413e+05;2.432863e+05;2.524916e+05;2.657054e+05;2.774908e+05;2.922979e+05;3.127391e+05;3.224189e+05;3.243975e+05;3.366302e+05;3.308221e+05;3.401828e+05;3.410439e+05;3.466997e+05;3.549782e+05;3.712038e+05;4.586506e+05;5.034935e+05;5.121167e+05;5.174098e+05;5.233254e+05;5.476261e+05;5.789303e+05
Panama;CBA_GgCO2eq;1.005186e+04;1.135653e+04;1.266120e+04;1.247825e+04;1.296511e+04;1.240248e+04;1.301705e+04;1.276857e+04;1.381111e+04;1.321807e+04;1.321721e+04;1.415359e+04;1.321819e+04;1.355989e+04;1.359803e+04;1.476641e+04;1.535351e+04;1.550869e+04;1.606150e+04;1.688392e+04;1.821586e+04;2.031852e+04;2.048909e+04;2.168250e+04;2.099690e+04;2.061664e+04;2.015405e+04;2.154373e+04;2.191927e+04;2.185577e+04;2.022957e+04;2.115706e+04;2.122502e+04
Papua New Guinea;CBA_GgCO2eq;7.002665e+03;7.031023e+03;7.059381e+03;6.652357e+03;6.630743e+03;6.372832e+03;6.790454e+03;7.240441e+03;8.560874e+03;6.710292e+03;7.018318e+03;7.192816e+03;7.694846e+03;7.912175e+03;8.700431e+03;9.340899e+03;1.003398e+04;1.107848e+04;1.084602e+04;1.044788e+04;1.010313e+04;1.123567e+04;1.149740e+04;1.117940e+04;1.287317e+04;1.352504e+04;1.690908e+04;1.595139e+04;1.677187e+04;1.711345e+04;1.802911e+04;1.848444e+04;1.717362e+04
Paraguay;CBA_GgCO2eq;2.258127e+04;2.304821e+04;2.351515e+04;2.620208e+04;2.841028e+04;2.961946e+04;2.799533e+04;2.717270e+04;2.656398e+04;2.592750e+04;2.384260e+04;2.566937e+04;2.645099e+04;2.886579e+04;2.867764e+04;3.045218e+04;3.213273e+04;3.555006e+04;3.673684e+04;3.779800e+04;4.190904e+04;4.452521e+04;4.570203e+04;4.361744e+04;4.140379e+04;3.891019e+04;3.220531e+04;3.246625e+04;3.302186e+04;3.251912e+04;3.264667e+04;3.287490e+04;2.996962e+04
Peru;CBA_GgCO2eq;5.530792e+04;5.584849e+04;5.638906e+04;6.076154e+04;6.361013e+04;6.649505e+04;6.529272e+04;6.791655e+04;6.759057e+04;6.859825e+04;6.854046e+04;6.656942e+04;6.718716e+04;6.833228e+04;7.150029e+04;7.482808e+04;7.450643e+04;8.154742e+04;8.507433e+04;8.684430e+04;9.363355e+04;9.842662e+04;1.014417e+05;1.014763e+05;1.053910e+05;1.068954e+05;9.873258e+04;9.888632e+04;9.979209e+04;1.008398e+05;9.369636e+04;9.804138e+04;9.916215e+04
Philippines;CBA_GgCO2eq;9.399552e+04;9.772111e+04;1.014467e+05;1.088145e+05;1.192012e+05;1.251712e+05;1.384259e+05;1.435613e+05;1.305071e+05;1.360942e+05;1.374508e+05;1.359586e+05;1.396780e+05;1.388267e+05;1.404982e+05;1.419104e+05;1.394817e+05;1.440808e+05;1.485237e+05;1.471369e+05;1.580445e+05;1.596201e+05;1.662032e+05;1.743731e+05;1.756441e+05;1.862330e+05;2.334231e+05;2.475251e+05;2.550936e+05;2.554409e+05;2.400985e+05;2.465853e+05;2.608678e+05
Poland;CBA_GgCO2eq;3.552578e+05;3.573086e+05;3.593594e+05;3.672016e+05;3.653624e+05;3.752698e+05;3.991080e+05;3.953440e+05;3.843019e+05;3.724382e+05;3.673889e+05;3.647718e+05;3.588318e+05;3.679203e+05;3.762801e+05;3.799010e+05;4.011731e+05;4.098634e+05;4.151913e+05;3.850985e+05;4.087405e+05;4.119394e+05;4.022090e+05;3.960512e+05;3.784490e+05;3.845978e+05;3.271324e+05;3.338953e+05;3.407529e+05;3.204647e+05;3.136700e+05;3.246278e+05;3.403965e+05
Portugal;CBA_GgCO2eq;7.415261e+04;7.941684e+04;8.468107e+04;8.025690e+04;8.266779e+04;9.027433e+04;9.048053e+04;9.428710e+04;1.003159e+05;1.091002e+05;1.100684e+05;1.069272e+05;1.101102e+05;1.089394e+05;1.147408e+05;1.122313e+05;1.129806e+05;1.113005e+05;1.097045e+05;9.997451e+04;9.673594e+04;9.110764e+04;8.653799e+04;8.390961e+04;8.261579e+04;8.604087e+04;6.681349e+04;7.241600e+04;7.061560e+04;6.577609e+04;6.425547e+04;6.094395e+04;6.302308e+04
Qatar;CBA_GgCO2eq;2.058927e+04;2.654824e+04;3.250722e+04;3.356983e+04;3.156095e+04;3.125411e+04;3.189832e+04;3.567561e+04;2.985292e+04;2.919702e+04;3.253611e+04;3.531516e+04;3.556704e+04;4.805358e+04;5.467016e+04;5.832669e+04;7.952140e+04;8.709861e+04;9.585805e+04;1.044806e+05;1.139905e+05;1.290577e+05;1.404098e+05;1.417586e+05;1.423992e+05;1.508283e+05;1.752867e+05;1.645642e+05;1.788651e+05;1.817267e+05;1.569354e+05;1.582152e+05;1.623337e+05
South Korea;CBA_GgCO2eq;3.317885e+05;3.603799e+05;3.889713e+05;4.212724e+05;4.873750e+05;5.216753e+05;4.998965e+05;5.376186e+05;4.466074e+05;5.196816e+05;5.657769e+05;5.843655e+05;6.071231e+05;5.690734e+05;5.929897e+05;5.954972e+05;6.068249e+05;6.201636e+05;6.186123e+05;5.886037e+05;6.448829e+05;6.607918e+05;6.679834e+05;6.751277e+05;6.635349e+05;6.684276e+05;6.793558e+05;7.081507e+05;7.224618e+05;6.982694e+05;6.640875e+05;6.728994e+05;6.538582e+05
Moldova;CBA_GgCO2eq;5.742026e+02;4.373161e+02;3.004296e+02;2.691967e+02;2.431977e+02;2.233306e+02;2.550790e+02;2.368388e+02;2.077606e+02;1.434392e+02;1.631381e+02;1.784674e+02;1.909271e+02;2.263002e+02;3.593727e+02;4.481194e+02;6.993693e+02;1.171199e+03;2.109406e+03;2.672896e+03;2.762078e+03;3.412567e+03;3.564994e+03;4.745659e+03;7.785929e+02;9.796807e+02;3.564510e+03;4.475024e+03;8.754593e+03;4.449852e+03;4.044612e+03;4.370925e+03;4.721352e+03
Romania;CBA_GgCO2eq;2.212191e+05;1.857186e+05;1.502181e+05;1.496502e+05;1.502835e+05;1.595756e+05;1.627505e+05;1.535410e+05;1.423581e+05;1.263541e+05;1.233729e+05;1.291225e+05;1.322167e+05;1.413903e+05;1.440421e+05;1.473273e+05;1.539286e+05;1.643617e+05;1.637448e+05;1.373385e+05;1.349149e+05;1.417727e+05;1.363723e+05;1.283475e+05;1.254985e+05;1.261930e+05;3.962515e+04;4.739731e+04;1.267318e+05;1.210322e+05;1.192972e+05;1.251760e+05;1.168046e+05
Russia;CBA_GgCO2eq;2.779319e+06;2.611123e+06;2.442928e+06;2.237055e+06;1.940660e+06;1.900314e+06;1.782753e+06;1.700802e+06;1.546200e+06;1.524388e+06;1.573440e+06;1.641014e+06;1.620886e+06;1.673920e+06;1.705486e+06;1.739660e+06;1.801046e+06;1.821708e+06;1.876738e+06;1.710471e+06;1.819552e+06;1.898981e+06;1.926511e+06;1.883666e+06;1.759587e+06;1.835416e+06;1.539886e+06;1.549575e+06;1.682590e+06;1.670550e+06;1.651038e+06;1.704873e+06;1.610535e+06
Rwanda;CBA_GgCO2eq;4.586640e+03;4.488626e+03;4.390612e+03;4.257531e+03;4.405323e+03;3.657246e+03;3.821859e+03;4.254968e+03;4.088537e+03;4.467385e+03;4.067592e+03;4.394558e+03;4.527897e+03;4.869524e+03;5.137305e+03;5.388869e+03;5.751429e+03;6.093569e+03;6.500956e+03;6.758725e+03;7.227697e+03;7.639527e+03;7.722793e+03;7.899016e+03;7.714235e+03;8.343164e+03;7.589388e+03;7.618369e+03;8.619610e+03;8.695786e+03;8.455472e+03;8.582249e+03;8.712675e+03
Samoa;CBA_GgCO2eq;4.703127e+02;4.672035e+02;4.640943e+02;4.359095e+02;4.825345e+02;4.705705e+02;4.804585e+02;5.017794e+02;4.658459e+02;5.105494e+02;4.689980e+02;5.436611e+02;5.559885e+02;5.516473e+02;5.456000e+02;5.644275e+02;5.552610e+02;5.575912e+02;5.480538e+02;5.667953e+02;5.856299e+02;6.208616e+02;5.982459e+02;6.040611e+02;5.565692e+02;5.969500e+02;4.565645e+02;4.457054e+02;6.545975e+02;6.456141e+02;6.583698e+02;6.605482e+02;6.925006e+02
San Marino;CBA_GgCO2eq;6.360210e+02;6.332781e+02;6.305353e+02;5.755649e+02;6.272193e+02;6.251749e+02;6.464159e+02;6.534568e+02;5.775701e+02;6.307984e+02;5.967630e+02;6.107413e+02;6.297808e+02;6.203570e+02;6.094789e+02;6.222240e+02;6.168822e+02;6.353828e+02;6.668774e+02;6.952622e+02;1.012345e+03;1.440983e+03;1.323856e+03;1.313420e+03;1.149809e+03;1.197459e+03;2.361094e+02;2.271358e+02;5.791722e+02;5.748926e+02;5.698078e+02;5.561126e+02;5.661470e+02
Sao Tome and Principe;CBA_GgCO2eq;3.323562e+02;3.089128e+02;2.854694e+02;2.919620e+02;3.084317e+02;2.916282e+02;3.150760e+02;2.877140e+02;2.273063e+02;2.729633e+02;2.620331e+02;2.668746e+02;2.811272e+02;2.661613e+02;2.603907e+02;2.622820e+02;2.864576e+02;2.847484e+02;3.100580e+02;3.192281e+02;3.285536e+02;3.503574e+02;3.342017e+02;3.487954e+02;2.968157e+02;3.093611e+02;1.301016e+02;1.173760e+02;2.966660e+02;2.988842e+02;2.998558e+02;2.973942e+02;2.998609e+02
Saudi Arabia;CBA_GgCO2eq;1.720370e+05;2.120680e+05;2.520990e+05;2.625664e+05;2.332985e+05;2.048627e+05;2.233495e+05;1.981969e+05;1.999655e+05;2.040002e+05;2.630685e+05;2.539579e+05;2.700876e+05;3.272758e+05;3.846733e+05;3.979018e+05;4.570912e+05;4.481749e+05;4.956816e+05;5.203500e+05;5.594933e+05;5.587169e+05;6.273248e+05;6.329588e+05;6.589401e+05;7.031623e+05;7.186684e+05;6.926824e+05;6.976448e+05;6.711653e+05;6.667855e+05;6.675459e+05;7.038256e+05
Senegal;CBA_GgCO2eq;1.422836e+04;1.435379e+04;1.447922e+04;1.457714e+04;1.462533e+04;1.467956e+04;1.552285e+04;1.482909e+04;1.499335e+04;1.600421e+04;1.692583e+04;1.663203e+04;1.636629e+04;1.651954e+04;1.804050e+04;1.886521e+04;1.856938e+04;1.912479e+04;2.010176e+04;1.985220e+04;2.269922e+04;2.370376e+04;2.276629e+04;2.387701e+04;2.456602e+04;2.549239e+04;2.490897e+04;2.463310e+04;2.631366e+04;2.738547e+04;2.725693e+04;2.779849e+04;2.829428e+04
Serbia;CBA_GgCO2eq;8.299512e+04;7.484313e+04;6.669113e+04;5.905687e+04;5.486091e+04;5.815098e+04;6.509065e+04;6.816472e+04;7.054004e+04;5.251443e+04;6.159410e+04;6.696162e+04;6.669307e+04;7.389097e+04;8.031897e+04;7.144069e+04;8.130874e+04;8.128090e+04;8.128722e+04;7.716097e+04;8.314125e+04;9.200272e+04;8.597791e+04;8.777403e+04;7.600092e+04;8.578803e+04;7.016885e+04;6.886575e+04;7.971692e+04;7.982704e+04;7.867840e+04;6.862456e+04;7.373461e+04
Seychelles;CBA_GgCO2eq;6.267419e+02;6.152884e+02;6.038350e+02;6.314960e+02;6.422418e+02;6.671992e+02;7.110506e+02;8.302009e+02;8.955319e+02;1.003791e+03;1.025700e+03;1.198253e+03;1.090500e+03;1.057710e+03;1.156745e+03;1.199437e+03;1.232664e+03;1.173386e+03;1.207233e+03;1.063013e+03;9.963660e+02;9.291108e+02;9.900371e+02;9.744214e+02;9.506216e+02;1.035898e+03;7.501812e+02;7.446029e+02;9.868755e+02;9.907782e+02;1.010525e+03;9.993584e+02;9.971907e+02
Sierra Leone;CBA_GgCO2eq;3.917904e+03;3.816237e+03;3.714571e+03;3.797290e+03;3.893665e+03;3.590025e+03;3.379677e+03;3.178710e+03;3.042047e+03;2.950092e+03;3.049387e+03;3.438858e+03;3.917589e+03;4.416643e+03;4.632956e+03;4.864201e+03;5.723717e+03;5.182899e+03;5.037983e+03;5.432813e+03;5.505650e+03;6.361389e+03;7.129595e+03;7.388121e+03;7.585447e+03;7.171784e+03;6.703963e+03;6.859451e+03;8.007178e+03;7.068692e+03;7.129240e+03;7.161670e+03;7.612386e+03
Singapore;CBA_GgCO2eq;4.779510e+04;5.266518e+04;5.753526e+04;6.460263e+04;7.320500e+04;7.865437e+04;9.729498e+04;9.191313e+04;8.868080e+04;9.073147e+04;1.104878e+05;1.037613e+05;9.881283e+04;1.078891e+05;1.206338e+05;1.260748e+05;1.431272e+05;1.531665e+05;1.701645e+05;1.597980e+05;1.663656e+05;1.689060e+05;1.777639e+05;1.785169e+05;1.753413e+05;1.817639e+05;1.049810e+05;1.090091e+05;1.075343e+05;1.040914e+05;1.018208e+05;1.013258e+05;9.839144e+04
Slovakia;CBA_GgCO2eq;1.324418e+05;1.006024e+05;6.876299e+04;6.048473e+04;5.486983e+04;5.325159e+04;5.885986e+04;5.559283e+04;5.985555e+04;5.640800e+04;5.376967e+04;5.746287e+04;5.728380e+04;5.884082e+04;6.059310e+04;6.207557e+04;6.515580e+04;6.628180e+04;6.702866e+04;6.025543e+04;6.319753e+04;6.342248e+04;6.146050e+04;5.943706e+04;5.644188e+04;5.740137e+04;4.485493e+04;4.615791e+04;5.401069e+04;4.985203e+04;4.900881e+04;5.102670e+04;4.749821e+04
Slovenia;CBA_GgCO2eq;2.007913e+04;1.788569e+04;1.569224e+04;1.643617e+04;1.730524e+04;1.904027e+04;1.940856e+04;1.949126e+04;1.986451e+04;1.958408e+04;1.903927e+04;1.978263e+04;2.013255e+04;2.080982e+04;2.169153e+04;2.193912e+04;2.263270e+04;2.378600e+04;2.448641e+04;2.126803e+04;2.168915e+04;2.166698e+04;2.064756e+04;1.989078e+04;1.853090e+04;1.883554e+04;1.535857e+04;1.569002e+04;1.757908e+04;1.676086e+04;1.660776e+04;1.610474e+04;1.640035e+04
Somalia;CBA_GgCO2eq;2.509782e+04;2.256666e+04;2.003549e+04;2.207104e+04;2.380114e+04;2.438199e+04;2.499672e+04;2.565976e+04;2.569582e+04;2.601339e+04;2.628602e+04;2.668454e+04;2.709932e+04;2.757219e+04;2.813801e+04;2.880148e+04;2.764416e+04;2.655050e+04;2.682723e+04;2.688764e+04;2.650066e+04;2.708641e+04;2.776639e+04;2.807448e+04;2.790674e+04;2.778742e+04;2.930278e+04;2.933790e+04;2.687114e+04;2.840701e+04;2.842699e+04;2.821353e+04;2.754213e+04
South Africa;CBA_GgCO2eq;3.098208e+05;3.014492e+05;2.930775e+05;3.034265e+05;3.274867e+05;3.431541e+05;3.442404e+05;3.563848e+05;3.540827e+05;3.503017e+05;3.732143e+05;3.628001e+05;3.711214e+05;3.960065e+05;4.233677e+05;4.251569e+05;4.358681e+05;4.539271e+05;4.418537e+05;4.301035e+05;4.485006e+05;4.622936e+05;4.514649e+05;4.492447e+05;1.924056e+05;4.529118e+05;4.511799e+05;4.435645e+05;4.476830e+05;4.548837e+05;4.412519e+05;4.380560e+05;4.423963e+05
South Sudan;CBA_GgCO2eq;0;0;0;0;0;0;0;0;0;0;0;0;0;0;0;0;0;0;0;0;0;0;0;0;0;0;0;0;0;0;0;0;0
Spain;CBA_GgCO2eq;3.640981e+05;3.753595e+05;3.866210e+05;3.534851e+05;3.729965e+05;4.040872e+05;4.095318e+05;4.174393e+05;4.535297e+05;4.908023e+05;5.215335e+05;5.176415e+05;5.311852e+05;5.592583e+05;5.874501e+05;6.084033e+05;6.139090e+05;6.320330e+05;6.030046e+05;5.199937e+05;5.167000e+05;4.993493e+05;4.757736e+05;4.442298e+05;4.389665e+05;4.497941e+05;3.724526e+05;3.936111e+05;3.984730e+05;3.682870e+05;3.567227e+05;3.546235e+05;3.470203e+05
Sri Lanka;CBA_GgCO2eq;1.537693e+04;1.605376e+04;1.673059e+04;1.732445e+04;1.851436e+04;1.868461e+04;1.920588e+04;1.936966e+04;1.891663e+04;1.975331e+04;2.134590e+04;2.073490e+04;2.136547e+04;2.213092e+04;2.328593e+04;2.423627e+04;2.576719e+04;2.649160e+04;2.947763e+04;2.953254e+04;3.113889e+04;3.550669e+04;3.688217e+04;3.564360e+04;3.793807e+04;4.053314e+04;5.301449e+04;5.153004e+04;5.199835e+04;5.421420e+04;5.302539e+04;5.285165e+04;5.234435e+04
Sudan;CBA_GgCO2eq;0;0;0;0;0;0;0;0;0;0;0;0;0;0;0;0;0;0;0;0;0;0;0;0;0;0;0;0;0;0;0;0;0
Suriname;CBA_GgCO2eq;3.783182e+03;3.725971e+03;3.668760e+03;3.994314e+03;3.384900e+03;3.178939e+03;3.365778e+03;3.313968e+03;3.076325e+03;2.847396e+03;2.693420e+03;2.992276e+03;2.307214e+03;2.522590e+03;2.690529e+03;2.763257e+03;2.743383e+03;2.775750e+03;3.101021e+03;3.266153e+03;3.646054e+03;3.794042e+03;4.100039e+03;4.218336e+03;4.191115e+03;4.056982e+03;2.883926e+03;2.898319e+03;3.358922e+03;3.451134e+03;3.322351e+03;3.390049e+03;3.667079e+03
Swaziland;CBA_GgCO2eq;3.920763e+03;4.227068e+03;4.533373e+03;4.658035e+03;4.885611e+03;5.150245e+03;5.066910e+03;5.298823e+03;5.269268e+03;5.275900e+03;5.325208e+03;5.460631e+03;5.362492e+03;6.121686e+03;6.187216e+03;6.174918e+03;6.005494e+03;6.123479e+03;5.936591e+03;6.358048e+03;6.152864e+03;6.111908e+03;6.137167e+03;6.251831e+03;3.618398e+03;5.632606e+03;4.453658e+03;4.051913e+03;4.603946e+03;4.543190e+03;4.292999e+03;4.322158e+03;4.368806e+03
Sweden;CBA_GgCO2eq;1.035724e+05;1.024183e+05;1.012643e+05;9.499289e+04;1.016255e+05;1.040280e+05;1.105687e+05;1.042090e+05;1.079577e+05;1.065493e+05;1.096343e+05;1.036414e+05;1.039343e+05;1.085359e+05;1.100907e+05;1.097317e+05;1.120073e+05;1.148336e+05;1.129983e+05;9.771290e+04;1.099131e+05;1.104659e+05;1.086640e+05;1.070227e+05;1.018598e+05;1.017350e+05;1.079333e+05;1.121551e+05;1.112487e+05;1.039104e+05;1.036457e+05;9.919881e+04;9.871911e+04
Switzerland;CBA_GgCO2eq;1.432523e+05;1.253099e+05;1.073675e+05;1.039936e+05;1.079597e+05;1.121958e+05;1.098160e+05;1.032401e+05;1.043713e+05;1.048011e+05;1.074996e+05;1.119624e+05;1.086670e+05;1.133837e+05;1.194626e+05;1.222433e+05;1.265785e+05;1.281070e+05;1.310112e+05;1.218231e+05;1.288843e+05;1.284519e+05;1.287842e+05;1.313837e+05;1.233246e+05;1.247458e+05;1.111294e+05;1.148882e+05;1.082511e+05;1.023041e+05;1.019289e+05;1.005846e+05;9.865993e+04
Syria;CBA_GgCO2eq;6.185530e+04;6.281814e+04;6.378099e+04;6.835453e+04;6.828803e+04;6.527782e+04;6.605818e+04;6.424679e+04;6.600592e+04;6.833150e+04;6.724083e+04;6.330228e+04;5.351644e+04;6.193165e+04;6.106422e+04;5.954199e+04;6.438472e+04;7.729248e+04;7.897718e+04;7.653295e+04;7.668973e+04;7.350340e+04;5.738637e+04;4.600133e+04;4.193310e+04;4.151283e+04;4.068956e+04;3.820053e+04;4.434642e+04;4.486466e+04;4.234104e+04;4.269159e+04;3.803759e+04
Taiwan;CBA_GgCO2eq;1.900864e+05;1.898477e+05;1.896091e+05;1.955137e+05;1.965776e+05;1.921209e+05;1.984010e+05;1.968255e+05;2.109054e+05;2.086613e+05;1.828970e+05;2.167629e+05;2.181193e+05;2.160397e+05;2.008764e+05;1.989859e+05;1.948366e+05;1.900652e+05;1.761019e+05;1.707651e+05;1.745193e+05;1.739030e+05;1.694353e+05;1.701988e+05;1.717737e+05;1.695214e+05;1.915061e+05;1.815379e+05;1.564534e+05;1.419869e+05;1.390800e+05;1.457286e+05;1.494669e+05
Tajikistan;CBA_GgCO2eq;2.531290e+04;2.380907e+04;2.230523e+04;2.038131e+04;1.451131e+04;1.206039e+04;9.004242e+03;8.498431e+03;7.846455e+03;7.589878e+03;6.521361e+03;6.818554e+03;6.784925e+03;7.255857e+03;8.438787e+03;8.224328e+03;9.628511e+03;9.486488e+03;9.916682e+03;1.041962e+04;1.079624e+04;1.142023e+04;1.243849e+04;1.296335e+04;1.334719e+04;1.460349e+04;1.431377e+04;1.444175e+04;1.498704e+04;1.628446e+04;1.589012e+04;1.624047e+04;1.676980e+04
Thailand;CBA_GgCO2eq;1.577470e+05;1.674585e+05;1.771700e+05;1.990418e+05;2.203776e+05;2.364071e+05;2.515386e+05;2.364113e+05;2.009161e+05;2.141115e+05;2.164874e+05;2.289177e+05;2.390257e+05;2.516083e+05;2.682463e+05;2.621473e+05;2.854951e+05;3.005274e+05;3.077922e+05;3.049381e+05;3.393621e+05;3.422832e+05;3.578763e+05;3.744676e+05;3.647787e+05;3.679539e+05;3.150408e+05;3.127820e+05;3.238215e+05;3.041247e+05;2.992212e+05;2.911213e+05;2.832797e+05
TFYR Macedonia;CBA_GgCO2eq;1.305481e+04;1.208397e+04;1.111313e+04;1.189448e+04;1.195012e+04;1.211710e+04;1.156908e+04;1.122575e+04;1.258809e+04;1.232236e+04;1.235219e+04;1.189684e+04;1.209887e+04;1.194508e+04;1.212991e+04;1.270260e+04;1.230571e+04;1.317891e+04;1.374134e+04;1.336253e+04;1.336061e+04;1.376924e+04;1.374436e+04;1.311067e+04;1.272813e+04;1.259713e+04;1.014096e+04;1.021710e+04;1.068203e+04;1.120279e+04;1.024878e+04;1.058790e+04;1.073494e+04
Togo;CBA_GgCO2eq;6.805899e+03;6.494724e+03;6.183550e+03;5.855753e+03;6.057644e+03;5.927210e+03;6.861603e+03;7.280570e+03;6.785360e+03;7.668211e+03;6.923759e+03;7.270272e+03;7.663867e+03;8.251238e+03;8.479243e+03;8.630690e+03;8.311720e+03;8.228654e+03;8.495238e+03;1.016735e+04;1.075212e+04;1.037662e+04;1.138489e+04;1.101184e+04;1.191419e+04;1.252423e+04;1.178916e+04;1.166230e+04;1.254351e+04;1.254946e+04;1.306350e+04;1.342772e+04;1.354584e+04
Trinidad and Tobago;CBA_GgCO2eq;2.262019e+04;2.148184e+04;2.034349e+04;1.753133e+04;1.753384e+04;1.728622e+04;1.825154e+04;1.887777e+04;1.812425e+04;2.022694e+04;1.751650e+04;2.241413e+04;2.296939e+04;2.649393e+04;2.756022e+04;3.211340e+04;3.379581e+04;3.548391e+04;3.632901e+04;3.540380e+04;3.176051e+04;3.014610e+04;3.189259e+04;3.188326e+04;3.367812e+04;3.440004e+04;4.140611e+04;4.105369e+04;3.895510e+04;3.754893e+04;3.172392e+04;3.018572e+04;3.259566e+04
Tunisia;CBA_GgCO2eq;2.300588e+04;2.434870e+04;2.569152e+04;2.700448e+04;2.650995e+04;2.697498e+04;2.844240e+04;2.809635e+04;2.966422e+04;3.089541e+04;3.220777e+04;3.328899e+04;3.275491e+04;3.339934e+04;3.484672e+04;3.524975e+04;3.614332e+04;3.781340e+04;4.012712e+04;3.895015e+04;4.185688e+04;4.068497e+04;4.182908e+04;4.145285e+04;4.153436e+04;4.300354e+04;3.656268e+04;3.602654e+04;3.178283e+04;3.100569e+04;2.958507e+04;3.146180e+04;3.110463e+04
Turkey;CBA_GgCO2eq;2.359213e+05;2.443687e+05;2.528160e+05;2.694931e+05;2.475956e+05;2.730330e+05;2.986993e+05;3.113642e+05;3.210692e+05;3.115199e+05;3.409213e+05;3.031644e+05;3.157149e+05;3.430830e+05;3.652785e+05;3.907969e+05;4.225584e+05;4.615201e+05;4.632920e+05;4.449324e+05;4.722405e+05;5.173058e+05;5.277157e+05;5.246584e+05;5.302233e+05;5.495373e+05;4.894972e+05;5.055457e+05;4.794343e+05;4.696000e+05;4.877937e+05;5.045563e+05;4.852738e+05
Turkmenistan;CBA_GgCO2eq;6.069889e+04;5.451863e+04;4.833837e+04;4.805290e+04;4.311796e+04;4.199957e+04;3.917065e+04;3.063015e+04;3.417615e+04;4.665130e+04;5.343948e+04;5.689102e+04;5.989292e+04;6.923794e+04;7.059446e+04;7.099518e+04;6.854957e+04;7.165451e+04;7.479092e+04;6.654385e+04;6.882760e+04;7.697775e+04;8.060899e+04;8.901215e+04;8.565626e+04;8.733942e+04;1.049482e+05;9.904330e+04;1.034854e+05;8.731005e+04;9.539740e+04;9.345785e+04;1.016677e+05
Former USSR;CBA_GgCO2eq;0;0;0;0;0;0;0;0;0;0;0;0;0;0;0;0;0;0;0;0;0;0;0;0;0;0;0;0;0;0;0;0;0
Uganda;CBA_GgCO2eq;1.893390e+04;1.939397e+04;1.985404e+04;2.050432e+04;2.065762e+04;2.136597e+04;2.241499e+04;2.268118e+04;2.405227e+04;2.373503e+04;2.391899e+04;2.467277e+04;2.543085e+04;2.765550e+04;2.832493e+04;3.081778e+04;3.009789e+04;3.360283e+04;4.033866e+04;4.063368e+04;4.336109e+04;4.393512e+04;4.577014e+04;4.569204e+04;4.643770e+04;4.839402e+04;4.704438e+04;4.887447e+04;4.938859e+04;4.985515e+04;4.928163e+04;5.042656e+04;5.010810e+04
Ukraine;CBA_GgCO2eq;9.437116e+05;7.627912e+05;5.818707e+05;5.451103e+05;4.822032e+05;4.428623e+05;4.023917e+05;3.759474e+05;3.434061e+05;3.161287e+05;2.980526e+05;3.175814e+05;3.079261e+05;3.191484e+05;3.272213e+05;3.324190e+05;3.614131e+05;3.823221e+05;3.544271e+05;3.112847e+05;3.312319e+05;3.554173e+05;3.529179e+05;3.428518e+05;3.078981e+05;2.844049e+05;2.414535e+05;2.245962e+05;2.656096e+05;2.619460e+05;2.556964e+05;2.577453e+05;2.521204e+05
UAE;CBA_GgCO2eq;5.202172e+04;6.016671e+04;6.831171e+04;8.231113e+04;9.217296e+04;9.213313e+04;1.038477e+05;1.087921e+05;1.128527e+05;1.176121e+05;1.443579e+05;1.323667e+05;1.275188e+05;1.550532e+05;1.750244e+05;1.878447e+05;1.990982e+05;2.210511e+05;2.450274e+05;2.403851e+05;2.331064e+05;2.454221e+05;2.751295e+05;2.810011e+05;2.739533e+05;2.893380e+05;1.945485e+05;1.828583e+05;1.862822e+05;1.822531e+05;1.753975e+05;1.777339e+05;1.863567e+05
UK;CBA_GgCO2eq;9.048360e+05;8.950952e+05;8.853544e+05;8.627571e+05;8.777961e+05;8.826040e+05;9.259072e+05;9.524200e+05;9.633996e+05;9.496389e+05;9.583251e+05;9.534130e+05;9.416053e+05;9.690438e+05;1.002887e+06;1.014574e+06;1.046511e+06;1.046446e+06;1.003791e+06;8.772141e+05;9.132416e+05;8.714594e+05;8.867154e+05;8.709021e+05;8.013305e+05;7.945673e+05;6.993642e+05;6.937044e+05;6.609711e+05;6.274546e+05;6.106897e+05;6.088911e+05;6.102791e+05
Tanzania;CBA_GgCO2eq;4.140231e+04;4.197005e+04;4.253780e+04;4.377323e+04;4.447012e+04;4.777256e+04;4.574002e+04;4.563973e+04;4.951583e+04;5.095662e+04;4.913382e+04;5.104164e+04;5.534911e+04;6.028844e+04;6.012479e+04;6.410856e+04;6.244752e+04;6.532249e+04;6.711265e+04;6.743997e+04;7.077092e+04;7.353448e+04;7.583941e+04;8.001510e+04;8.080432e+04;8.628546e+04;8.830138e+04;9.089673e+04;9.098311e+04;9.168584e+04;9.212662e+04;9.357750e+04;9.839277e+04
USA;CBA_GgCO2eq;6.630991e+06;6.655240e+06;6.679489e+06;6.817758e+06;7.012227e+06;7.107749e+06;7.400096e+06;7.607694e+06;8.063166e+06;8.210933e+06;8.514666e+06;8.445655e+06;8.494960e+06;8.602554e+06;8.870748e+06;9.007229e+06;9.048281e+06;9.053511e+06;8.725014e+06;7.881532e+06;8.216232e+06;8.092711e+06;7.871503e+06;7.991559e+06;7.902756e+06;7.713015e+06;7.705731e+06;7.784480e+06;7.810700e+06;7.335654e+06;6.966506e+06;6.953330e+06;6.698194e+06
Uruguay;CBA_GgCO2eq;2.722374e+04;2.904089e+04;3.085804e+04;3.097214e+04;3.074544e+04;3.113603e+04;3.352503e+04;3.552471e+04;3.531282e+04;3.487405e+04;3.153033e+04;3.252684e+04;3.314752e+04;3.219394e+04;3.336573e+04;3.526032e+04;3.879308e+04;3.826262e+04;4.254057e+04;3.969067e+04;3.790160e+04;3.887065e+04;3.933827e+04;3.934134e+04;3.896466e+04;3.923679e+04;3.369355e+04;3.338651e+04;3.305515e+04;3.189005e+04;3.139653e+04;3.098415e+04;3.157455e+04
Uzbekistan;CBA_GgCO2eq;2.119199e+05;1.871435e+05;1.623672e+05;1.957688e+05;1.869176e+05;1.801029e+05;1.855339e+05;1.730283e+05;1.716718e+05;1.842497e+05;1.916951e+05;1.843687e+05;1.882770e+05;1.847957e+05;1.818289e+05;1.803509e+05;2.006767e+05;2.017525e+05;2.124792e+05;2.035938e+05;1.948614e+05;1.971036e+05;2.001276e+05;1.959909e+05;1.837441e+05;1.864438e+05;1.917320e+05;1.819661e+05;1.857299e+05;1.859726e+05;1.761202e+05;1.696892e+05;1.657009e+05
Vanuatu;CBA_GgCO2eq;6.699238e+02;6.443180e+02;6.187121e+02;6.196322e+02;6.679787e+02;6.599282e+02;6.651738e+02;6.715519e+02;6.028936e+02;6.505945e+02;5.235276e+02;6.359698e+02;6.457556e+02;6.520891e+02;6.435795e+02;6.738543e+02;6.706499e+02;7.733726e+02;8.154761e+02;8.204045e+02;8.407772e+02;8.775062e+02;8.408876e+02;8.462327e+02;8.444745e+02;7.875525e+02;4.065240e+02;4.140183e+02;6.566185e+02;6.530216e+02;6.353848e+02;6.325100e+02;5.712391e+02
Venezuela;CBA_GgCO2eq;1.542906e+05;1.525657e+05;1.508408e+05;1.610883e+05;1.583283e+05;1.699526e+05;1.623116e+05;1.850940e+05;2.157897e+05;2.170976e+05;1.999443e+05;2.217606e+05;2.260578e+05;2.103464e+05;1.895108e+05;2.034917e+05;2.082380e+05;2.100722e+05;2.282507e+05;2.336341e+05;2.384621e+05;2.160163e+05;2.408728e+05;2.353057e+05;2.311637e+05;2.228669e+05;2.857702e+05;2.733375e+05;2.200266e+05;1.789557e+05;1.682265e+05;1.669397e+05;1.462534e+05
Viet Nam;CBA_GgCO2eq;6.455046e+04;6.824082e+04;7.193118e+04;7.960010e+04;8.685429e+04;9.210752e+04;9.952318e+04;1.020178e+05;1.097044e+05;1.136965e+05;1.202749e+05;1.307208e+05;1.423289e+05;1.565397e+05;1.680153e+05;1.779452e+05;1.906924e+05;2.072932e+05;2.258019e+05;2.381835e+05;2.546189e+05;2.607021e+05;2.739459e+05;2.890756e+05;2.730989e+05;2.952767e+05;2.067948e+05;2.052654e+05;2.264557e+05;2.402849e+05;2.313402e+05;2.285135e+05;2.373877e+05
Yemen;CBA_GgCO2eq;2.227152e+04;2.450865e+04;2.674577e+04;2.609955e+04;2.382382e+04;2.083370e+04;1.964327e+04;2.052764e+04;2.182969e+04;2.358190e+04;2.393785e+04;2.577633e+04;2.497212e+04;2.693215e+04;2.765049e+04;2.805919e+04;3.030537e+04;3.089504e+04;3.151123e+04;3.570214e+04;3.361364e+04;3.531315e+04;3.736985e+04;4.695771e+04;4.649392e+04;3.344865e+04;3.441889e+04;3.405052e+04;4.016778e+04;4.146867e+04;4.024303e+04;4.025288e+04;4.534253e+04
Zambia;CBA_GgCO2eq;2.674124e+04;2.706879e+04;2.739634e+04;2.716804e+04;2.658942e+04;2.554720e+04;2.473128e+04;2.572795e+04;2.705533e+04;2.613801e+04;2.429425e+04;2.458409e+04;2.654191e+04;2.944499e+04;2.976471e+04;3.140680e+04;2.961878e+04;2.881766e+04;3.062718e+04;2.930133e+04;2.953857e+04;2.896767e+04;3.186835e+04;3.280876e+04;2.993904e+04;3.321323e+04;3.790080e+04;3.634677e+04;3.673596e+04;3.870851e+04;3.756764e+04;3.774821e+04;3.916851e+04
Zimbabwe;CBA_GgCO2eq;2.609660e+04;2.618288e+04;2.626916e+04;2.328107e+04;2.495662e+04;2.951997e+04;3.769258e+04;4.305143e+04;4.459282e+04;5.477574e+04;5.097530e+04;4.793571e+04;3.938235e+04;3.289551e+04;2.676207e+04;2.255541e+04;1.677345e+04;1.549150e+04;1.341256e+04;1.343004e+04;1.651114e+04;2.658048e+03;2.854885e+03;2.934539e+03;1.742880e+03;2.921383e+03;2.371502e+04;2.359823e+04;2.543294e+04;2.519452e+04;2.382682e+04;2.428941e+04;2.244673e+04
Rest of World;CBA_GgCO2eq;0;0;0;0;0;0;0;0;0;0;0;0;0;0;0;0;0;0;0;0;0;0;0;0;0;0;0;0;0;0;0;0;0
