Model,Scenario,Region,Sector,2005,2010,2015,2020,2025,2030,2035,2040,2045,2050,2055,2060,2070,2080,2090,2100,Variable_clean,Unit
REMIND-MAgPIE 3.2-4.6,SDP_EI-1p5C-CCimp,CAZ,,2.7667,3.0637,3.458,3.8247,4.1881,4.4989,4.7795,5.0271,5.2341,5.4045,5.5444,5.6635,5.8785,6.0826,6.2368,6.2578,Emissions,Mt CO2e/yr
REMIND-MAgPIE 3.2-4.6,SDP_EI-1p5C-CCimp,CAZ,Residential and Commercial,81.69380000000001,77.3457,77.5662,70.85839999999999,65.80399999999999,52.0275,32.39300000000001,12.6127,0.0257,0.0106,0.0101,0.0091,0.0064,0.0057,0.0055,0.0055,Emissions,Mt CO2e/yr
REMIND-MAgPIE 3.2-4.6,SDP_EI-1p5C-CCimp,CHA,,43.9558,55.2209,64.6625,71.033,83.4411,97.0009,105.499,109.6972,111.0341,110.0115,107.1212,103.0027,93.2792,83.5885,74.1411,65.6549,Emissions,Mt CO2e/yr
REMIND-MAgPIE 3.2-4.6,SDP_EI-1p5C-CCimp,CHA,Residential and Commercial,534.4711,563.1417,676.4475,648.8297,760.704,430.71779999999995,271.39390000000003,155.15529999999998,60.7506,24.0684,17.6696,27.1986,25.2378,20.8662,19.623500000000003,4.9191,Emissions,Mt CO2e/yr
REMIND-MAgPIE 3.2-4.6,SDP_EI-1p5C-CCimp,EUR,,24.47,25.558,26.6618,27.9984,28.9312,29.872,30.6606,31.242,31.5656,31.6449,31.528,31.2765,30.5905,29.948,29.3549,28.6923,Emissions,Mt CO2e/yr
REMIND-MAgPIE 3.2-4.6,SDP_EI-1p5C-CCimp,EUR,Residential and Commercial,693.0435,665.9689999999999,553.6432,552.6549000000001,460.4848,377.71520000000004,269.8927,156.6263,67.4863,29.1033,23.7848,23.799000000000003,16.381999999999998,3.6918,1.5868,0.1476,Emissions,Mt CO2e/yr
REMIND-MAgPIE 3.2-4.6,SDP_EI-1p5C-CCimp,IND,,11.7627,13.1311,17.1945,20.5573,25.3488,33.8438,41.5102,47.8677,52.939,56.7674,59.5652,61.589,63.9434,64.6351,64.0638,62.5065,Emissions,Mt CO2e/yr
REMIND-MAgPIE 3.2-4.6,SDP_EI-1p5C-CCimp,IND,Residential and Commercial,140.0694,185.4588,194.9417,273.0439,265.3016,144.0093,100.14569999999999,85.2457,53.1076,18.4985,15.2421,13.0374,8.2669,9.192100000000002,10.8599,9.596300000000001,Emissions,Mt CO2e/yr
REMIND-MAgPIE 3.2-4.6,SDP_EI-1p5C-CCimp,JPN,,6.9832,6.9999,7.1718,7.2356,7.3915,7.4224,7.4026,7.3237,7.1862,7.0121,6.8147,6.6041,6.1353,5.6253,5.1684,4.7771,Emissions,Mt CO2e/yr
REMIND-MAgPIE 3.2-4.6,SDP_EI-1p5C-CCimp,JPN,Residential and Commercial,145.12679999999997,122.5334,105.7944,100.4315,82.8875,59.683,32.52080000000001,16.1085,8.6001,3.0656,2.416,2.4467,2.4465,1.5549,1.4195,0.3426,Emissions,Mt CO2e/yr
REMIND-MAgPIE 3.2-4.6,SDP_EI-1p5C-CCimp,LAM,,16.9593,19.1642,20.8535,22.0328,23.9488,28.5551,32.3553,35.3079,37.5334,39.0631,39.9797,40.4105,40.2682,39.2576,37.6725,35.7331,Emissions,Mt CO2e/yr
REMIND-MAgPIE 3.2-4.6,SDP_EI-1p5C-CCimp,LAM,Residential and Commercial,120.80610000000001,127.5495,133.1766,120.9832,96.5727,87.41929999999999,70.9306,53.92659999999999,49.6062,42.0669,28.6065,23.4325,18.5342,13.9889,8.660599999999999,8.3855,Emissions,Mt CO2e/yr
REMIND-MAgPIE 3.2-4.6,SDP_EI-1p5C-CCimp,MEA,,8.4299,10.2331,11.8562,13.193,14.6911,17.8264,20.7589,23.4772,26.0253,28.2843,30.106,31.4464,33.0198,33.6158,33.5499,33.0419,Emissions,Mt CO2e/yr
REMIND-MAgPIE 3.2-4.6,SDP_EI-1p5C-CCimp,MEA,Residential and Commercial,179.6299,197.61819999999997,204.5975,217.9326,250.4747,233.953,207.3252,171.8004,92.7677,43.3456,35.269299999999994,22.813,16.2185,19.208400000000005,15.167,9.4357,Emissions,Mt CO2e/yr
REMIND-MAgPIE 3.2-4.6,SDP_EI-1p5C-CCimp,NEU,,4.4769,4.9162,5.5941,6.0308,6.5176,6.9989,7.4139,7.742,7.9725,8.1108,8.1699,8.1693,8.0573,7.8556,7.5605,7.2025,Emissions,Mt CO2e/yr
REMIND-MAgPIE 3.2-4.6,SDP_EI-1p5C-CCimp,NEU,Residential and Commercial,61.217000000000006,72.5768,71.82039999999999,74.931,78.34830000000001,53.7196,42.174200000000006,24.525399999999998,11.001,4.5895,3.6172,3.6323000000000003,3.8067,3.0124,2.1157000000000004,0.0511,Emissions,Mt CO2e/yr
REMIND-MAgPIE 3.2-4.6,SDP_EI-1p5C-CCimp,OAS,,17.8431,21.0132,24.8573,28.5631,33.009,40.9709,47.6155,53.1246,57.9038,61.7202,64.4464,66.1643,67.47,66.9701,65.1371,62.2609,Emissions,Mt CO2e/yr
REMIND-MAgPIE 3.2-4.6,SDP_EI-1p5C-CCimp,OAS,Residential and Commercial,204.6411,199.9929,199.1249,223.16509999999997,180.33169999999998,183.3739,148.8337,131.3777,87.2478,49.472500000000004,43.8113,45.90689999999999,44.7077,34.5223,25.003999999999998,15.6626,Emissions,Mt CO2e/yr
REMIND-MAgPIE 3.2-4.6,SDP_EI-1p5C-CCimp,REF,,7.6314,8.3147,8.8909,9.409,9.978,11.5876,12.7973,13.6445,14.2295,14.6028,14.816,14.9216,14.9193,14.7479,14.5304,14.368,Emissions,Mt CO2e/yr
REMIND-MAgPIE 3.2-4.6,SDP_EI-1p5C-CCimp,REF,Residential and Commercial,248.36659999999998,255.3815,263.4895,335.1761,361.63210000000004,190.9111,144.43290000000002,106.2953,57.434999999999995,17.419900000000002,9.7797,9.724499999999999,9.324799999999998,5.414199999999999,3.5879000000000003,0.04850000000000001,Emissions,Mt CO2e/yr
REMIND-MAgPIE 3.2-4.6,SDP_EI-1p5C-CCimp,SSA,,10.6878,12.946,15.2115,17.6464,20.4746,27.0699,33.7441,40.7516,48.1065,55.2393,61.3642,66.0872,72.2996,75.7127,76.6729,75.3321,Emissions,Mt CO2e/yr
REMIND-MAgPIE 3.2-4.6,SDP_EI-1p5C-CCimp,SSA,Residential and Commercial,103.81419999999999,108.2377,123.0697,168.8804,167.9111,114.31,102.7132,82.6113,61.559999999999995,31.9075,29.488400000000002,34.8217,33.64770000000001,32.8555,20.572,16.9105,Emissions,Mt CO2e/yr
REMIND-MAgPIE 3.2-4.6,SDP_EI-1p5C-CCimp,USA,,27.4095,28.8458,30.5187,31.7833,33.5264,34.4232,35.1997,35.8571,36.3905,36.8188,37.1642,37.4748,37.8073,37.5731,36.9711,36.0395,Emissions,Mt CO2e/yr
REMIND-MAgPIE 3.2-4.6,SDP_EI-1p5C-CCimp,USA,Residential and Commercial,521.0592,499.31089999999995,459.57489999999996,446.9223,413.5178,317.28249999999997,202.2396,92.7294,25.7801,17.6771,9.586699999999999,3.1004,2.7611,0.7679,0.7675000000000001,0.0355,Emissions,Mt CO2e/yr
REMIND-MAgPIE 3.2-4.6,SDP_MC-1p5C-CCimp,CAZ,,2.7667,3.0637,3.458,3.8247,4.1146,4.3709,4.5972,4.7955,4.9644,5.1064,5.2237,5.3216,5.49,5.6408,5.7414,5.7162,Emissions,Mt CO2e/yr
REMIND-MAgPIE 3.2-4.6,SDP_MC-1p5C-CCimp,CAZ,Residential and Commercial,81.69380000000001,77.3457,77.5662,70.85839999999999,64.50249999999998,44.1752,21.9223,4.5192,0.0184,0.012499999999999999,0.011600000000000001,0.0112,0.0076,0.0056,0.0055,0.0057,Emissions,Mt CO2e/yr
REMIND-MAgPIE 3.2-4.6,SDP_MC-1p5C-CCimp,CHA,,43.9558,55.2209,64.6625,71.033,82.9749,88.3467,89.607,88.4076,86.802,84.7308,82.1263,79.0661,72.342,65.7547,59.2244,53.2424,Emissions,Mt CO2e/yr
REMIND-MAgPIE 3.2-4.6,SDP_MC-1p5C-CCimp,CHA,Residential and Commercial,534.4711,563.1417,676.4475,648.8297,713.9069999999999,444.7934000000001,278.5167,105.41290000000001,39.9865,15.6788,9.903899999999998,19.456899999999997,8.3261,6.034400000000001,4.750500000000001,2.0782000000000003,Emissions,Mt CO2e/yr
REMIND-MAgPIE 3.2-4.6,SDP_MC-1p5C-CCimp,EUR,,24.47,25.558,26.6618,27.9984,28.8578,29.7204,30.4021,30.8392,30.9938,30.907,30.6387,30.248,29.3113,28.4386,27.6221,26.7422,Emissions,Mt CO2e/yr
REMIND-MAgPIE 3.2-4.6,SDP_MC-1p5C-CCimp,EUR,Residential and Commercial,693.0435,665.9689999999999,553.6432,552.6549000000001,448.4217,327.311,208.95090000000002,100.339,38.007,12.8705,7.031499999999999,7.0282,4.781,0.0436,0.0429,0.0356,Emissions,Mt CO2e/yr
REMIND-MAgPIE 3.2-4.6,SDP_MC-1p5C-CCimp,IND,,11.7627,13.1311,17.1945,20.5573,24.6851,32.1629,38.8719,44.627,49.4128,53.063,55.6819,57.5115,59.5177,59.9495,59.0586,57.1099,Emissions,Mt CO2e/yr
REMIND-MAgPIE 3.2-4.6,SDP_MC-1p5C-CCimp,IND,Residential and Commercial,140.0694,185.4588,194.9417,273.0439,284.8152,112.5052,81.694,62.657399999999996,43.1789,22.106600000000004,16.1985,6.7737,3.1615999999999995,2.2757,2.2081,2.6386,Emissions,Mt CO2e/yr
REMIND-MAgPIE 3.2-4.6,SDP_MC-1p5C-CCimp,JPN,,6.9832,6.9999,7.1718,7.2356,7.3861,7.4054,7.3667,7.2578,7.0816,6.8653,6.6278,6.3814,5.8567,5.3089,4.8235,4.4105,Emissions,Mt CO2e/yr
REMIND-MAgPIE 3.2-4.6,SDP_MC-1p5C-CCimp,JPN,Residential and Commercial,145.12679999999997,122.5334,105.7944,100.4315,78.57560000000001,50.691199999999995,25.6326,11.536,5.0333,1.1677,0.7638999999999999,0.7572999999999999,0.7566999999999999,0.3553,0.2948,0.0018,Emissions,Mt CO2e/yr
REMIND-MAgPIE 3.2-4.6,SDP_MC-1p5C-CCimp,LAM,,16.9593,19.1642,20.8535,22.0328,23.7471,28.0443,31.5986,34.372,36.4509,37.8429,38.6272,38.9273,38.5271,37.2394,35.3569,33.1576,Emissions,Mt CO2e/yr
REMIND-MAgPIE 3.2-4.6,SDP_MC-1p5C-CCimp,LAM,Residential and Commercial,120.80610000000001,127.5495,133.1766,120.9832,92.5142,71.34160000000001,59.1898,42.1694,26.5758,23.827,19.9639,14.641399999999999,11.3929,9.0333,7.6017,6.6716,Emissions,Mt CO2e/yr
REMIND-MAgPIE 3.2-4.6,SDP_MC-1p5C-CCimp,MEA,,8.4299,10.2331,11.8562,13.193,14.5682,17.3052,19.8346,22.1943,24.4182,26.4081,28.058,29.3137,30.8028,31.2982,31.1208,30.4919,Emissions,Mt CO2e/yr
REMIND-MAgPIE 3.2-4.6,SDP_MC-1p5C-CCimp,MEA,Residential and Commercial,179.6299,197.61819999999997,204.5975,217.9326,282.15240000000006,244.6171,213.33119999999997,172.8544,90.1729,52.8591,40.4288,37.260400000000004,11.3698,8.749400000000001,8.7471,8.8865,Emissions,Mt CO2e/yr
REMIND-MAgPIE 3.2-4.6,SDP_MC-1p5C-CCimp,NEU,,4.4769,4.9162,5.5941,6.0308,6.4079,6.8047,7.1379,7.3952,7.5738,7.6766,7.7105,7.6889,7.536,7.2945,6.9674,6.5845,Emissions,Mt CO2e/yr
REMIND-MAgPIE 3.2-4.6,SDP_MC-1p5C-CCimp,NEU,Residential and Commercial,61.217000000000006,72.5768,71.82039999999999,74.931,76.13600000000001,44.652,33.366,18.5956,8.181700000000001,3.1931,1.4467,1.4421000000000002,1.6014,1.0777,1.0775000000000001,0.0189,Emissions,Mt CO2e/yr
REMIND-MAgPIE 3.2-4.6,SDP_MC-1p5C-CCimp,OAS,,17.8431,21.0132,24.8573,28.5631,32.5753,39.8614,45.8204,50.6754,54.884,58.269,60.7091,62.2281,63.1977,62.349,60.2728,57.2753,Emissions,Mt CO2e/yr
REMIND-MAgPIE 3.2-4.6,SDP_MC-1p5C-CCimp,OAS,Residential and Commercial,204.6411,199.9929,199.1249,223.16509999999997,210.9454,161.9034,131.6899,113.4282,74.9967,40.1728,29.8198,17.057699999999997,9.101199999999999,18.4359,13.575099999999999,11.960999999999999,Emissions,Mt CO2e/yr
REMIND-MAgPIE 3.2-4.6,SDP_MC-1p5C-CCimp,REF,,7.6314,8.3147,8.8909,9.409,9.9154,11.3887,12.4861,13.2577,13.7889,14.1202,14.2957,14.3623,14.2794,14.0339,13.7383,13.4898,Emissions,Mt CO2e/yr
REMIND-MAgPIE 3.2-4.6,SDP_MC-1p5C-CCimp,REF,Residential and Commercial,248.36659999999998,255.3815,263.4895,335.1761,337.7668,182.96310000000003,124.74940000000001,66.6616,24.7097,6.6587,3.6591,2.8499000000000003,2.7061,2.3435,1.2647,0.0954,Emissions,Mt CO2e/yr
REMIND-MAgPIE 3.2-4.6,SDP_MC-1p5C-CCimp,SSA,,10.6878,12.946,15.2115,17.6464,20.347,26.3544,32.2379,38.2394,44.4529,50.5199,55.9505,60.351,66.2107,69.142,69.6374,67.9032,Emissions,Mt CO2e/yr
REMIND-MAgPIE 3.2-4.6,SDP_MC-1p5C-CCimp,SSA,Residential and Commercial,103.81419999999999,108.2377,123.0697,168.8804,152.2847,68.20469999999999,70.7784,59.558499999999995,48.418800000000005,27.949800000000003,23.3311,18.7291,12.1502,13.0169,13.266599999999999,13.5149,Emissions,Mt CO2e/yr
REMIND-MAgPIE 3.2-4.6,SDP_MC-1p5C-CCimp,USA,,27.4095,28.8458,30.5187,31.7833,32.1412,32.7151,33.1607,33.4822,33.6778,33.7678,33.7752,33.7455,33.6915,33.5676,33.1439,32.384,Emissions,Mt CO2e/yr
REMIND-MAgPIE 3.2-4.6,SDP_MC-1p5C-CCimp,USA,Residential and Commercial,521.0592,499.31089999999995,459.57489999999996,446.9223,405.5883,279.59430000000003,177.046,67.2625,8.5255,1.8425,1.4893,1.4896999999999998,1.4892999999999998,1.5419,1.5419,0.0591,Emissions,Mt CO2e/yr
REMIND-MAgPIE 3.2-4.6,SDP_RC-1p5C-CCimp,CAZ,,2.7667,3.0637,3.458,3.8247,4.0775,4.2917,4.4675,4.6099,4.7249,4.8185,4.8943,4.9565,5.0662,5.1671,5.2222,5.1608,Emissions,Mt CO2e/yr
REMIND-MAgPIE 3.2-4.6,SDP_RC-1p5C-CCimp,CAZ,Residential and Commercial,81.69380000000001,77.3457,77.5662,70.85839999999999,65.2103,45.80669999999999,23.068300000000004,3.9317,0.026,0.0115,0.0102,0.0091,0.0059,0.0058000000000000005,0.0058000000000000005,0.0057,Emissions,Mt CO2e/yr
REMIND-MAgPIE 3.2-4.6,SDP_RC-1p5C-CCimp,CHA,,43.9558,55.2209,64.6625,71.033,74.1905,75.7422,75.2121,74.12,72.6955,70.8787,68.6151,65.9715,60.1995,54.5693,49.0174,43.9491,Emissions,Mt CO2e/yr
REMIND-MAgPIE 3.2-4.6,SDP_RC-1p5C-CCimp,CHA,Residential and Commercial,534.4711,563.1417,676.4475,648.8297,757.726,472.77,243.5808,128.3354,54.6127,30.448900000000002,19.4379,31.6291,14.506800000000002,14.7977,11.7091,5.1316,Emissions,Mt CO2e/yr
REMIND-MAgPIE 3.2-4.6,SDP_RC-1p5C-CCimp,EUR,,24.47,25.558,26.6618,27.9984,28.3125,28.4566,28.476,28.3922,28.2314,27.9901,27.6654,27.2701,26.3915,25.6014,24.8679,24.0694,Emissions,Mt CO2e/yr
REMIND-MAgPIE 3.2-4.6,SDP_RC-1p5C-CCimp,EUR,Residential and Commercial,693.0435,665.9689999999999,553.6432,552.6549000000001,455.5121,342.3526,223.8242,108.05590000000001,41.3698,18.559499999999996,15.305599999999998,15.3047,12.092199999999998,2.4465999999999997,1.8203,0.043500000000000004,Emissions,Mt CO2e/yr
REMIND-MAgPIE 3.2-4.6,SDP_RC-1p5C-CCimp,IND,,11.7627,13.1311,17.1945,20.5573,24.6777,32.0907,38.6707,44.1695,48.5291,51.6025,53.5679,54.735,55.5686,55.0699,53.6179,51.4864,Emissions,Mt CO2e/yr
REMIND-MAgPIE 3.2-4.6,SDP_RC-1p5C-CCimp,IND,Residential and Commercial,140.0694,185.4588,194.9417,273.0439,267.9106,132.6983,99.975,78.5146,58.4671,36.1479,23.0796,14.5993,11.573800000000002,5.383,5.0189,4.617100000000001,Emissions,Mt CO2e/yr
REMIND-MAgPIE 3.2-4.6,SDP_RC-1p5C-CCimp,JPN,,6.9832,6.9999,7.1718,7.2356,7.0528,6.8613,6.6553,6.4398,6.2217,6.0056,5.7922,5.5801,5.1344,4.6663,4.2509,3.8962,Emissions,Mt CO2e/yr
REMIND-MAgPIE 3.2-4.6,SDP_RC-1p5C-CCimp,JPN,Residential and Commercial,145.12679999999997,122.5334,105.7944,100.4315,78.5994,52.6362,27.695899999999998,12.2672,5.281900000000001,0.9983,0.15280000000000002,0.9799,0.9926,0.6449,0.0183,0.0048,Emissions,Mt CO2e/yr
REMIND-MAgPIE 3.2-4.6,SDP_RC-1p5C-CCimp,LAM,,16.9593,19.1642,20.8535,22.0328,23.7293,27.89,31.186,33.5433,35.1037,35.959,36.2703,36.1825,35.2639,33.7304,31.8014,29.6594,Emissions,Mt CO2e/yr
REMIND-MAgPIE 3.2-4.6,SDP_RC-1p5C-CCimp,LAM,Residential and Commercial,120.80610000000001,127.5495,133.1766,120.9832,96.01670000000001,67.3171,64.739,49.620999999999995,27.916600000000003,15.273200000000001,16.570400000000003,16.570300000000003,11.495,9.222499999999998,6.3347999999999995,5.4863,Emissions,Mt CO2e/yr
REMIND-MAgPIE 3.2-4.6,SDP_RC-1p5C-CCimp,MEA,,8.4299,10.2331,11.8562,13.193,14.5197,17.1316,19.5192,21.7184,23.7532,25.5278,26.9451,27.9593,28.9768,29.0461,28.5092,27.6205,Emissions,Mt CO2e/yr
REMIND-MAgPIE 3.2-4.6,SDP_RC-1p5C-CCimp,MEA,Residential and Commercial,179.6299,197.61819999999997,204.5975,217.9326,267.1926,238.8866,212.09940000000003,173.6327,84.1833,45.7328,27.381,26.8218,8.33,6.1768,4.326600000000001,3.2762000000000002,Emissions,Mt CO2e/yr
REMIND-MAgPIE 3.2-4.6,SDP_RC-1p5C-CCimp,NEU,,4.4769,4.9162,5.5941,6.0308,6.3548,6.689,6.9461,7.1176,7.2139,7.2455,7.2228,7.1577,6.9481,6.6752,6.3313,5.9404,Emissions,Mt CO2e/yr
REMIND-MAgPIE 3.2-4.6,SDP_RC-1p5C-CCimp,NEU,Residential and Commercial,61.217000000000006,72.5768,71.82039999999999,74.931,77.5141,47.071200000000005,36.092099999999995,20.0488,8.1107,2.8128,1.0708000000000002,0.8139,1.9718000000000002,1.2442999999999997,1.0731,0.0205,Emissions,Mt CO2e/yr
REMIND-MAgPIE 3.2-4.6,SDP_RC-1p5C-CCimp,OAS,,17.8431,21.0132,24.8573,28.5631,32.5103,39.4484,44.9955,49.3627,53.0007,55.7708,57.6164,58.6,58.7621,57.3614,54.8849,51.6533,Emissions,Mt CO2e/yr
REMIND-MAgPIE 3.2-4.6,SDP_RC-1p5C-CCimp,OAS,Residential and Commercial,204.6411,199.9929,199.1249,223.16509999999997,203.70579999999998,178.08190000000002,146.10880000000003,122.2928,73.5451,41.7095,29.1617,12.917399999999999,9.7652,7.3594,5.5702,4.2378,Emissions,Mt CO2e/yr
REMIND-MAgPIE 3.2-4.6,SDP_RC-1p5C-CCimp,REF,,7.6314,8.3147,8.8909,9.409,9.8917,11.2363,12.1542,12.7142,13.0505,13.2265,13.2839,13.2582,13.0546,12.7414,12.3968,12.1024,Emissions,Mt CO2e/yr
REMIND-MAgPIE 3.2-4.6,SDP_RC-1p5C-CCimp,REF,Residential and Commercial,248.36659999999998,255.3815,263.4895,335.1761,363.7945,206.41289999999998,139.73300000000003,83.1459,36.3326,13.4395,6.971,6.965,5.8074,5.190499999999999,3.4875000000000003,0.36360000000000003,Emissions,Mt CO2e/yr
REMIND-MAgPIE 3.2-4.6,SDP_RC-1p5C-CCimp,SSA,,10.6878,12.946,15.2115,17.6464,20.3102,26.2348,31.9982,37.802,43.6932,49.3055,54.1743,57.9412,62.4537,64.0593,63.4607,61.1066,Emissions,Mt CO2e/yr
REMIND-MAgPIE 3.2-4.6,SDP_RC-1p5C-CCimp,SSA,Residential and Commercial,103.81419999999999,108.2377,123.0697,168.8804,170.0991,114.99119999999999,106.1256,86.1198,66.8013,53.5871,37.444799999999994,25.9754,20.6912,16.583,13.0616,14.9149,Emissions,Mt CO2e/yr
REMIND-MAgPIE 3.2-4.6,SDP_RC-1p5C-CCimp,USA,,27.4095,28.8458,30.5187,31.7833,31.8997,32.3408,32.6484,32.8288,32.8821,32.8294,32.694,32.5203,32.1715,31.7463,31.0306,29.9989,Emissions,Mt CO2e/yr
REMIND-MAgPIE 3.2-4.6,SDP_RC-1p5C-CCimp,USA,Residential and Commercial,521.0592,499.31089999999995,459.57489999999996,446.9223,408.6743,298.2323,196.02849999999998,80.9554,18.5603,9.615099999999998,3.4632,0.029699999999999997,0.0289,0.09459999999999999,0.0945,0.028200000000000003,Emissions,Mt CO2e/yr
REMIND-MAgPIE 3.2-4.6,SSP1-1p5C,CAZ,,4.2018,4.6186,5.1056,5.5399,5.963,6.2622,6.6263000000000005,6.851100000000001,6.9979,7.0093,6.9131,6.8267,6.9944,7.2822,7.469900000000001,7.4998000000000005,Emissions,Mt CO2e/yr
REMIND-MAgPIE 3.2-4.6,SSP1-1p5C,CAZ,Residential and Commercial,81.69380000000001,77.3457,77.5662,70.85839999999999,73.8178,55.01200000000001,42.82640000000001,26.905099999999997,11.9431,2.6555,0.0329,0.0438,0.0539,0.0569,0.045,0.0376,Emissions,Mt CO2e/yr
REMIND-MAgPIE 3.2-4.6,SSP1-1p5C,CHA,,46.3278,58.688900000000004,70.4949,80.545,98.16739999999999,110.1514,120.3314,125.3397,125.2928,122.64949999999999,117.5087,112.2026,101.8027,92.23780000000001,82.4119,73.291,Emissions,Mt CO2e/yr
REMIND-MAgPIE 3.2-4.6,SSP1-1p5C,CHA,Residential and Commercial,534.4711,563.1417,676.4475,648.8297,760.0237,495.0774,405.5112,327.64820000000003,230.12839999999997,165.6073,120.4661,78.02959999999999,19.9259,15.314400000000001,13.681199999999999,4.2296000000000005,Emissions,Mt CO2e/yr
REMIND-MAgPIE 3.2-4.6,SSP1-1p5C,EUR,,30.0377,31.723,32.4842,34.2512,35.939099999999996,36.8556,37.8809,38.4662,38.501599999999996,38.0057,37.1317,36.317,35.404399999999995,34.9893,34.468199999999996,33.833600000000004,Emissions,Mt CO2e/yr
REMIND-MAgPIE 3.2-4.6,SSP1-1p5C,EUR,Residential and Commercial,693.0435,665.9689999999999,553.6432,552.6549000000001,495.34040000000005,400.519,325.21169999999995,206.3029,96.1961,36.6411,22.1331,22.0882,14.368000000000002,1.9553,1.8900000000000001,0.2218,Emissions,Mt CO2e/yr
REMIND-MAgPIE 3.2-4.6,SSP1-1p5C,IND,,12.378300000000001,14.0924,18.5944,22.2085,27.699,34.2937,41.466100000000004,48.5567,55.2826,61.131699999999995,65.2525,68.3074,72.1511,73.9288,73.932,72.7958,Emissions,Mt CO2e/yr
REMIND-MAgPIE 3.2-4.6,SSP1-1p5C,IND,Residential and Commercial,140.0694,185.4588,194.9417,273.0439,303.51149999999996,224.6971,183.7951,183.03239999999997,164.16110000000003,140.419,91.4415,85.642,1.8831,0.8361000000000001,0.3277,0.1927,Emissions,Mt CO2e/yr
REMIND-MAgPIE 3.2-4.6,SSP1-1p5C,JPN,,9.1292,9.2423,9.3583,9.2786,9.6231,9.4117,9.3058,9.0175,8.707,8.5051,8.2029,7.9266000000000005,7.2498,6.6956,6.2092,5.7484,Emissions,Mt CO2e/yr
REMIND-MAgPIE 3.2-4.6,SSP1-1p5C,JPN,Residential and Commercial,145.12679999999997,122.5334,105.7944,100.4315,106.7851,78.5261,59.9753,41.5877,23.587100000000003,12.751199999999999,11.3411,11.3529,11.1103,8.418999999999999,5.0482,0.217,Emissions,Mt CO2e/yr
REMIND-MAgPIE 3.2-4.6,SSP1-1p5C,LAM,,18.599899999999998,21.1829,23.3061,24.649800000000003,26.8379,30.7693,34.8373,38.5325,41.3677,43.2614,44.1678,44.6141,44.55,44.0739,42.7252,40.840399999999995,Emissions,Mt CO2e/yr
REMIND-MAgPIE 3.2-4.6,SSP1-1p5C,LAM,Residential and Commercial,120.80610000000001,127.5495,133.1766,120.9832,142.02319999999997,91.05940000000001,85.9697,74.6669,51.652699999999996,36.3707,34.0837,29.955,27.411699999999996,7.977799999999999,5.7864,2.1612,Emissions,Mt CO2e/yr
REMIND-MAgPIE 3.2-4.6,SSP1-1p5C,MEA,,10.0979,12.6114,14.921399999999998,16.54,18.815,21.3333,24.4467,27.1719,29.8872,32.4015,34.2657,35.6177,38.3155,39.4602,39.7663,39.163,Emissions,Mt CO2e/yr
REMIND-MAgPIE 3.2-4.6,SSP1-1p5C,MEA,Residential and Commercial,179.6299,197.61819999999997,204.5975,217.9326,305.8675,200.62380000000002,179.1235,147.58520000000001,102.75309999999999,38.5405,5.573300000000001,3.9688000000000003,2.568,2.5611,1.1366,0.1052,Emissions,Mt CO2e/yr
REMIND-MAgPIE 3.2-4.6,SSP1-1p5C,NEU,,5.1804,5.7578,6.4969,7.0402000000000005,7.6661,8.1636,8.6225,9.067499999999999,9.3421,9.469199999999999,9.4411,9.4825,9.309000000000001,9.1161,8.8182,8.3993,Emissions,Mt CO2e/yr
REMIND-MAgPIE 3.2-4.6,SSP1-1p5C,NEU,Residential and Commercial,61.217000000000006,72.5768,71.82039999999999,74.931,80.2337,53.5163,44.9964,30.7684,11.3214,6.0871,5.2407,5.2435,5.2532000000000005,2.6784999999999997,1.968,0.0494,Emissions,Mt CO2e/yr
REMIND-MAgPIE 3.2-4.6,SSP1-1p5C,OAS,,19.5711,23.2755,27.683699999999998,32.0325,37.5939,43.4648,49.6688,55.6583,61.296899999999994,66.3779,69.7212,72.0102,74.9933,75.7082,74.3259,71.4397,Emissions,Mt CO2e/yr
REMIND-MAgPIE 3.2-4.6,SSP1-1p5C,OAS,Residential and Commercial,204.6411,199.9929,199.1249,223.16509999999997,257.5911,192.0748,188.765,170.4452,124.01639999999999,105.1772,95.4628,5.352,6.7835,6.7995,4.6803,2.9904,Emissions,Mt CO2e/yr
REMIND-MAgPIE 3.2-4.6,SSP1-1p5C,REF,,8.8137,9.7909,10.5299,11.2285,12.201099999999999,13.294,14.552,15.459599999999998,16.114800000000002,16.6605,16.9676,17.2034,17.1429,17.0517,16.867,16.6756,Emissions,Mt CO2e/yr
REMIND-MAgPIE 3.2-4.6,SSP1-1p5C,REF,Residential and Commercial,248.36659999999998,255.3815,263.4895,335.1761,379.4092,215.57770000000002,180.9122,137.08749999999998,101.7236,58.9778,44.3697,44.368100000000005,42.2215,38.0753,22.874399999999998,0.0886,Emissions,Mt CO2e/yr
REMIND-MAgPIE 3.2-4.6,SSP1-1p5C,SSA,,11.1375,13.4537,15.7716,18.3601,21.287499999999998,26.3085,32.0525,38.5459,45.695299999999996,53.0832,59.9552,66.6557,77.03750000000001,83.4162,85.79419999999999,85.2794,Emissions,Mt CO2e/yr
REMIND-MAgPIE 3.2-4.6,SSP1-1p5C,SSA,Residential and Commercial,103.81419999999999,108.2377,123.0697,168.8804,274.0161,216.7242,134.9005,123.64789999999999,112.2438,105.89320000000001,102.627,13.7336,4.8494,5.5356,7.9608,6.0717,Emissions,Mt CO2e/yr
REMIND-MAgPIE 3.2-4.6,SSP1-1p5C,USA,,37.448800000000006,39.2393,41.1186,42.3862,44.5863,45.5825,47.10850000000001,47.6926,47.9801,47.3911,46.1905,45.405100000000004,44.618199999999995,44.4268,43.705600000000004,42.39,Emissions,Mt CO2e/yr
REMIND-MAgPIE 3.2-4.6,SSP1-1p5C,USA,Residential and Commercial,521.0592,499.31089999999995,459.57489999999996,446.9223,442.20760000000007,312.7182,225.50549999999998,130.51239999999999,34.8193,22.4897,18.477,9.819299999999998,5.639200000000001,0.2263,0.1989,0.1625,Emissions,Mt CO2e/yr
REMIND-MAgPIE 3.2-4.6,SSP1-NPi,CAZ,,2.7667,3.0637,3.458,3.8247,4.1862,4.4944,4.7716,5.0143,5.2143,5.3762,5.5069,5.6167,5.8153,6.0059,6.1473,6.1569,Emissions,Mt CO2e/yr
REMIND-MAgPIE 3.2-4.6,SSP1-NPi,CAZ,Residential and Commercial,81.69380000000001,77.3457,77.5662,70.85839999999999,69.5715,65.236,57.7675,46.5869,36.3447,29.4312,24.393600000000003,21.393800000000002,18.527,17.476000000000003,15.4664,9.5594,Emissions,Mt CO2e/yr
REMIND-MAgPIE 3.2-4.6,SSP1-NPi,CHA,,43.9558,55.2209,64.6625,71.033,83.0195,93.5247,100.7411,104.8172,106.0984,105.1,102.3519,98.4646,89.3207,80.1855,71.256,63.2205,Emissions,Mt CO2e/yr
REMIND-MAgPIE 3.2-4.6,SSP1-NPi,CHA,Residential and Commercial,534.4711,563.1417,676.4475,648.8297,669.6752,692.9223,754.0098999999999,708.7184,604.4394,491.4447,430.0887,346.97520000000003,249.0823,163.024,106.1511,49.7573,Emissions,Mt CO2e/yr
REMIND-MAgPIE 3.2-4.6,SSP1-NPi,EUR,,24.47,25.558,26.6618,27.9984,28.9242,29.85,30.619,31.1717,31.4557,31.4881,31.3225,31.0256,30.2673,29.5754,28.9376,28.2328,Emissions,Mt CO2e/yr
REMIND-MAgPIE 3.2-4.6,SSP1-NPi,EUR,Residential and Commercial,693.0435,665.9689999999999,553.6432,552.6549000000001,496.1798,426.36830000000003,437.5393,431.882,381.161,357.7062,317.2521,259.18190000000004,190.95680000000002,88.81389999999999,51.212900000000005,23.939899999999998,Emissions,Mt CO2e/yr
REMIND-MAgPIE 3.2-4.6,SSP1-NPi,IND,,11.7627,13.1311,17.1945,20.5573,24.6917,29.9196,35.6191,41.2405,46.1213,49.9888,52.8997,55.0561,57.6986,58.7141,58.5616,57.4955,Emissions,Mt CO2e/yr
REMIND-MAgPIE 3.2-4.6,SSP1-NPi,IND,Residential and Commercial,140.0694,185.4588,194.9417,273.0439,255.9976,241.2026,220.87180000000004,218.32930000000002,225.0983,226.0333,222.05140000000003,175.7141,165.607,33.5367,17.8071,16.639400000000002,Emissions,Mt CO2e/yr
REMIND-MAgPIE 3.2-4.6,SSP1-NPi,JPN,,6.9832,6.9999,7.1718,7.2356,7.3911,7.4186,7.3944,7.3093,7.1636,6.9802,6.7736,6.5548,6.0744,5.5591,5.0984,4.7039,Emissions,Mt CO2e/yr
REMIND-MAgPIE 3.2-4.6,SSP1-NPi,JPN,Residential and Commercial,145.12679999999997,122.5334,105.7944,100.4315,93.8945,85.4611,65.3579,50.992200000000004,40.1549,33.3003,26.8143,20.4425,15.164700000000002,12.6382,6.5027,3.0124,Emissions,Mt CO2e/yr
REMIND-MAgPIE 3.2-4.6,SSP1-NPi,LAM,,16.9593,19.1642,20.8535,22.0328,23.7679,27.0591,30.2648,33.0694,35.2203,36.7134,37.632,38.0929,38.0591,37.1894,35.7707,34.01,Emissions,Mt CO2e/yr
REMIND-MAgPIE 3.2-4.6,SSP1-NPi,LAM,Residential and Commercial,120.80610000000001,127.5495,133.1766,120.9832,121.1869,118.0883,115.09859999999999,114.6699,141.68519999999998,139.5958,134.8878,123.1606,112.6022,104.1802,51.265800000000006,16.7508,Emissions,Mt CO2e/yr
REMIND-MAgPIE 3.2-4.6,SSP1-NPi,MEA,,8.4299,10.2331,11.8562,13.193,14.6187,16.8196,19.1051,21.413,23.5805,25.5353,27.2085,28.5613,30.3109,31.0498,31.1268,30.7865,Emissions,Mt CO2e/yr
REMIND-MAgPIE 3.2-4.6,SSP1-NPi,MEA,Residential and Commercial,179.6299,197.61819999999997,204.5975,217.9326,249.9793,267.54940000000005,282.83040000000005,283.2657,270.779,264.6707,240.4343,118.6491,67.70930000000001,50.2417,37.1213,28.7533,Emissions,Mt CO2e/yr
REMIND-MAgPIE 3.2-4.6,SSP1-NPi,NEU,,4.4769,4.9162,5.5941,6.0308,6.5099,6.956,7.3531,7.6723,7.8937,8.0224,8.0722,8.0633,7.9389,7.7305,7.4308,7.0694,Emissions,Mt CO2e/yr
REMIND-MAgPIE 3.2-4.6,SSP1-NPi,NEU,Residential and Commercial,61.217000000000006,72.5768,71.82039999999999,74.931,72.56150000000001,67.5423,59.9383,56.8611,51.0817,48.4315,46.4013,44.2627,37.227399999999996,32.7584,16.2216,10.981200000000001,Emissions,Mt CO2e/yr
REMIND-MAgPIE 3.2-4.6,SSP1-NPi,OAS,,17.8431,21.0132,24.8573,28.5631,32.6068,37.5607,42.4957,47.1966,51.3627,54.8362,57.5208,59.4265,61.3034,61.3147,59.9953,57.6704,Emissions,Mt CO2e/yr
REMIND-MAgPIE 3.2-4.6,SSP1-NPi,OAS,Residential and Commercial,204.6411,199.9929,199.1249,223.16509999999997,203.29250000000002,197.20549999999997,190.4346,190.84690000000003,188.7265,208.6128,205.02259999999998,142.9277,101.35750000000002,57.8688,41.03470000000001,28.5726,Emissions,Mt CO2e/yr
REMIND-MAgPIE 3.2-4.6,SSP1-NPi,REF,,7.6314,8.3147,8.8909,9.409,9.9333,11.0894,12.0876,12.8799,13.4326,13.7882,13.9981,14.1123,14.1476,14.0212,13.8495,13.7291,Emissions,Mt CO2e/yr
REMIND-MAgPIE 3.2-4.6,SSP1-NPi,REF,Residential and Commercial,248.36659999999998,255.3815,263.4895,335.1761,322.15959999999995,282.47549999999995,268.2155,255.8722,200.29809999999998,146.1583,110.7059,81.2256,48.769999999999996,23.4818,18.4132,15.1832,Emissions,Mt CO2e/yr
REMIND-MAgPIE 3.2-4.6,SSP1-NPi,SSA,,10.6878,12.946,15.2115,17.6464,20.3463,24.863,29.877,35.4955,41.3724,47.2347,52.7095,57.448,64.2334,67.9918,69.327,68.5474,Emissions,Mt CO2e/yr
REMIND-MAgPIE 3.2-4.6,SSP1-NPi,SSA,Residential and Commercial,103.81419999999999,108.2377,123.0697,168.8804,278.3166,270.8929,194.2726,166.57340000000002,165.24069999999998,181.1901,181.7168,189.59279999999998,154.8191,127.98140000000001,35.7327,16.4585,Emissions,Mt CO2e/yr
REMIND-MAgPIE 3.2-4.6,SSP1-NPi,USA,,27.4095,28.8458,30.5187,31.7833,33.9697,35.4926,36.7257,37.5608,37.9923,38.1209,38.0536,37.9093,37.6033,37.2452,36.5934,35.6143,Emissions,Mt CO2e/yr
REMIND-MAgPIE 3.2-4.6,SSP1-NPi,USA,Residential and Commercial,521.0592,499.31089999999995,459.57489999999996,446.9223,417.52729999999997,392.3506,353.84090000000003,324.26439999999997,306.50169999999997,265.3493,236.79720000000003,215.88649999999998,187.59789999999998,117.44590000000001,84.9766,62.5437,Emissions,Mt CO2e/yr
REMIND-MAgPIE 3.2-4.6,SSP2-1p5C-CCimp,CAZ,,5.5334,6.1274,6.916,7.6494,8.3948,9.0168,9.6136,10.1904,10.7568,11.3186,11.886,12.4744,13.7432,15.0936,16.4746,17.9476,Emissions,Mt CO2e/yr
REMIND-MAgPIE 3.2-4.6,SSP2-1p5C-CCimp,CAZ,Residential and Commercial,163.38760000000002,154.69140000000002,155.1324,141.7168,129.4576,107.8358,63.8384,23.936200000000003,4.3408,3.7802,3.3594,3.3318,2.7614,2.3080000000000003,2.2062,0.0664,Emissions,Mt CO2e/yr
REMIND-MAgPIE 3.2-4.6,SSP2-1p5C-CCimp,CHA,,87.9116,110.4418,129.325,142.066,167.5742,183.6626,194.3368,200.602,203.6582,203.749,201.2872,197.002,185.7958,173.529,161.3402,150.118,Emissions,Mt CO2e/yr
REMIND-MAgPIE 3.2-4.6,SSP2-1p5C-CCimp,CHA,Residential and Commercial,1068.9422,1126.2834,1352.895,1297.6594,1355.9914,913.6068,687.2172,441.39939999999996,264.9094,155.4762,168.25740000000002,66.0954,45.7494,32.0398,26.9874,11.4572,Emissions,Mt CO2e/yr
REMIND-MAgPIE 3.2-4.6,SSP2-1p5C-CCimp,EUR,,48.94,51.116,53.3236,55.997,57.1438,58.8862,60.4932,62.0368,63.5176,64.8916,66.1236,67.2792,69.6466,72.3134,75.261,78.5624,Emissions,Mt CO2e/yr
REMIND-MAgPIE 3.2-4.6,SSP2-1p5C-CCimp,EUR,Residential and Commercial,1386.087,1331.9379999999999,1107.2864,1105.3098,860.6368,772.3588,551.2006,270.0772,64.42060000000001,49.73,49.7958,43.0644,21.3618,2.0044,0.40740000000000004,0.1794,Emissions,Mt CO2e/yr
REMIND-MAgPIE 3.2-4.6,SSP2-1p5C-CCimp,IND,,23.5254,26.2622,34.389,41.1146,49.2068,57.5942,65.9866,74.2148,82.1854,89.7062,96.6548,102.9348,113.1928,120.5356,125.5646,128.7098,Emissions,Mt CO2e/yr
REMIND-MAgPIE 3.2-4.6,SSP2-1p5C-CCimp,IND,Residential and Commercial,280.1388,370.9176,389.8834,546.0878,572.1628000000001,538.2356,359.43719999999996,326.846,284.76919999999996,166.3624,8.3726,5.194,4.1058,78.40660000000001,13.1786,12.5276,Emissions,Mt CO2e/yr
REMIND-MAgPIE 3.2-4.6,SSP2-1p5C-CCimp,JPN,,13.9664,13.9998,14.3436,14.4712,14.8324,14.8164,14.7104,14.5264,14.3062,14.0856,13.8646,13.6298,13.0802,12.5564,12.2272,12.019,Emissions,Mt CO2e/yr
REMIND-MAgPIE 3.2-4.6,SSP2-1p5C-CCimp,JPN,Residential and Commercial,290.2536,245.0668,211.5888,200.863,183.9472,160.308,125.2998,80.3938,47.4682,32.6992,33.4324,31.4704,26.3794,23.0882,17.2618,1.9682000000000002,Emissions,Mt CO2e/yr
REMIND-MAgPIE 3.2-4.6,SSP2-1p5C-CCimp,LAM,,33.9186,38.3284,41.707,44.0656,47.6164,52.9392,58.2394,63.2762,67.8188,71.8138,75.2628,78.1724,82.474,85.0912,86.3964,86.683,Emissions,Mt CO2e/yr
REMIND-MAgPIE 3.2-4.6,SSP2-1p5C-CCimp,LAM,Residential and Commercial,241.6122,255.099,266.3532,241.9664,235.7416,223.217,196.5246,156.9882,143.1318,132.5258,128.3836,90.218,86.5766,27.4546,21.9716,16.2998,Emissions,Mt CO2e/yr
REMIND-MAgPIE 3.2-4.6,SSP2-1p5C-CCimp,MEA,,16.8598,20.4662,23.7124,26.386,29.2596,33.2114,37.2792,41.4376,45.5948,49.685,53.6796,57.5922,65.0786,71.7936,77.5582,82.2288,Emissions,Mt CO2e/yr
REMIND-MAgPIE 3.2-4.6,SSP2-1p5C-CCimp,MEA,Residential and Commercial,359.25980000000004,395.23639999999995,409.195,435.8652,468.3954,388.4208,321.12559999999996,262.6168,217.3768,85.2658,9.3896,10.431000000000001,5.4918000000000005,5.0258,4.7792,1.0574000000000001,Emissions,Mt CO2e/yr
REMIND-MAgPIE 3.2-4.6,SSP2-1p5C-CCimp,NEU,,8.9538,9.8324,11.1882,12.0616,13.0536,13.9164,14.7254,15.4402,16.0492,16.5524,16.965,17.309,17.8532,18.2394,18.5016,18.7086,Emissions,Mt CO2e/yr
REMIND-MAgPIE 3.2-4.6,SSP2-1p5C-CCimp,NEU,Residential and Commercial,122.43400000000001,145.1536,143.64079999999998,149.862,146.9076,114.9584,90.6342,61.0318,32.0432,10.3786,10.7018,19.3612,14.4046,7.2298,7.0012,0.5886,Emissions,Mt CO2e/yr
REMIND-MAgPIE 3.2-4.6,SSP2-1p5C-CCimp,OAS,,35.6862,42.0264,49.7146,57.1262,65.3416,73.6962,81.5104,88.9894,96.3502,103.5038,110.3874,116.9762,129.0032,138.8522,146.1112,150.9674,Emissions,Mt CO2e/yr
REMIND-MAgPIE 3.2-4.6,SSP2-1p5C-CCimp,OAS,Residential and Commercial,409.2822,399.9858,398.2498,446.3302,425.2284,371.257,356.67580000000004,316.9006,244.8432,109.98519999999999,13.7196,19.0868,38.4628,45.3864,40.0796,30.6476,Emissions,Mt CO2e/yr
REMIND-MAgPIE 3.2-4.6,SSP2-1p5C-CCimp,REF,,15.2628,16.6294,17.7818,18.818,19.846,21.605,23.1598,24.5196,25.651,26.5974,27.4186,28.158,29.4526,30.644,31.9556,33.258,Emissions,Mt CO2e/yr
REMIND-MAgPIE 3.2-4.6,SSP2-1p5C-CCimp,REF,Residential and Commercial,496.7332,510.763,526.979,670.3522,621.4646,415.3428,316.8594,220.198,121.75240000000001,78.7104,73.6888,68.20179999999999,15.8302,10.3484,4.082,4.3992,Emissions,Mt CO2e/yr
REMIND-MAgPIE 3.2-4.6,SSP2-1p5C-CCimp,SSA,,21.3756,25.892,30.423,35.2928,40.7168,49.0756,58.583,69.3958,81.4228,94.6836,109.1892,124.8566,158.4966,192.1138,222.2712,247.544,Emissions,Mt CO2e/yr
REMIND-MAgPIE 3.2-4.6,SSP2-1p5C-CCimp,SSA,Residential and Commercial,207.62839999999997,216.4754,246.13940000000002,337.7608,478.3546,484.8418,340.076,317.69,260.9904,196.214,175.1552,20.5924,32.3566,45.7354,48.3992,45.449,Emissions,Mt CO2e/yr
REMIND-MAgPIE 3.2-4.6,SSP2-1p5C-CCimp,USA,,54.819,57.6916,61.0374,63.5666,68.5678,71.9538,75.0706,77.6742,79.8896,81.8738,83.7922,85.789,90.0136,94.1366,97.9258,101.6836,Emissions,Mt CO2e/yr
REMIND-MAgPIE 3.2-4.6,SSP2-1p5C-CCimp,USA,Residential and Commercial,1042.1184,998.6217999999999,919.1497999999999,893.8446,794.216,736.1382,529.1016000000001,327.58299999999997,232.2876,189.0052,165.648,40.643800000000006,17.1388,0.31679999999999997,0.289,0.29359999999999997,Emissions,Mt CO2e/yr
REMIndia-MAgPIE 3.2-4.6,SSP2-NPi-CCimp,CAZ,,2.7667,3.0637,3.458,3.8247,4.1974,4.5084,4.8068,5.0952,5.3784,5.6593,5.943,6.2372,6.8716,7.5468,8.2373,8.9738,Emissions,Mt CO2e/yr
REMIndia-MAgPIE 3.2-4.6,SSP2-NPi-CCimp,CAZ,Residential and Commercial,81.69380000000001,77.3457,77.5662,70.85839999999999,71.1157,69.55369999999999,63.5905,57.4949,50.56380000000001,50.194700000000005,44.785,43.300399999999996,43.716100000000004,36.7157,35.0616,30.599700000000002,Emissions,Mt CO2e/yr
REMIndia-MAgPIE 3.2-4.6,SSP2-NPi-CCimp,China,,43.9558,55.2209,64.6625,71.033,83.7871,91.8313,97.1684,100.301,101.8291,101.8745,100.6436,98.501,92.8979,86.7645,80.6701,75.059,Emissions,Mt CO2e/yr
REMIndia-MAgPIE 3.2-4.6,SSP2-NPi-CCimp,China,Residential and Commercial,534.4711,563.1417,676.4475,648.8297,679.0035000000001,711.2559,799.6046,788.0279,773.7916,748.5459,672.6265999999999,592.0097000000001,478.0521,405.00550000000004,294.1825,270.9266,Emissions,Mt CO2e/yr
REMIndia-MAgPIE 3.2-4.6,SSP2-NPi-CCimp,EUR,,24.47,25.558,26.6618,27.9985,28.5719,29.4431,30.2466,31.0184,31.7588,32.4458,33.0618,33.6396,34.8233,36.1567,37.6305,39.2812,Emissions,Mt CO2e/yr
REMIndia-MAgPIE 3.2-4.6,SSP2-NPi-CCimp,EUR,Residential and Commercial,693.0435,665.9689999999999,553.6432,552.6549000000001,458.48480000000006,398.7352,378.0783,323.7154,276.18629999999996,237.1293,217.52400000000003,197.7352,153.8198,119.7637,86.74549999999999,76.7887,Emissions,Mt CO2e/yr
REMIndia-MAgPIE 3.2-4.6,SSP2-NPi-CCimp,India,,11.7627,13.1311,17.1945,20.5573,24.6034,28.7971,32.9933,37.1074,41.0927,44.8531,48.3274,51.4674,56.5964,60.2678,62.7823,64.3549,Emissions,Mt CO2e/yr
REMIndia-MAgPIE 3.2-4.6,SSP2-NPi-CCimp,India,Residential and Commercial,140.0694,185.4588,194.9417,273.0439,274.70050000000003,287.2266,286.9476,297.8401,306.66010000000006,306.0565,308.9055,306.6327,344.66,364.89080000000007,364.9577,199.32999999999998,Emissions,Mt CO2e/yr
REMIndia-MAgPIE 3.2-4.6,SSP2-NPi-CCimp,JPN,,6.9832,6.9999,7.1718,7.2356,7.4162,7.4082,7.3552,7.2632,7.1531,7.0428,6.9323,6.8149,6.5401,6.2782,6.1136,6.0095,Emissions,Mt CO2e/yr
REMIndia-MAgPIE 3.2-4.6,SSP2-NPi-CCimp,JPN,Residential and Commercial,145.12679999999997,122.5334,105.7944,100.4315,95.83690000000001,91.4792,83.5273,74.03999999999999,65.84389999999999,60.129799999999996,53.2258,36.5266,30.1198,25.0641,20.0214,16.888099999999998,Emissions,Mt CO2e/yr
REMIndia-MAgPIE 3.2-4.6,SSP2-NPi-CCimp,LAM,,16.9593,19.1642,20.8535,22.0328,23.8082,26.4696,29.1197,31.6381,33.9094,35.9069,37.6314,39.0862,41.237,42.5456,43.1982,43.3415,Emissions,Mt CO2e/yr
REMIndia-MAgPIE 3.2-4.6,SSP2-NPi-CCimp,LAM,Residential and Commercial,120.80610000000001,127.5495,133.1766,120.9832,121.03909999999999,127.8442,148.57580000000002,149.758,168.9693,176.0174,186.83739999999997,187.84050000000002,189.7084,189.70850000000002,122.3113,111.2619,Emissions,Mt CO2e/yr
REMIndia-MAgPIE 3.2-4.6,SSP2-NPi-CCimp,MEA,,8.4299,10.2331,11.8562,13.193,14.6298,16.6057,18.6396,20.7188,22.7974,24.8425,26.8398,28.7961,32.5393,35.8968,38.7791,41.1144,Emissions,Mt CO2e/yr
REMIndia-MAgPIE 3.2-4.6,SSP2-NPi-CCimp,MEA,Residential and Commercial,179.6299,197.61819999999997,204.5975,217.9326,247.24859999999998,290.2184,331.2449,363.1338,398.513,444.5402,502.7149,506.8845,308.906,249.0179,207.4782,188.1174,Emissions,Mt CO2e/yr
REMIndia-MAgPIE 3.2-4.6,SSP2-NPi-CCimp,NEU,,4.4769,4.9162,5.5941,6.0308,6.5268,6.9582,7.3627,7.7201,8.0246,8.2762,8.4825,8.6545,8.9266,9.1197,9.2508,9.3543,Emissions,Mt CO2e/yr
REMIndia-MAgPIE 3.2-4.6,SSP2-NPi-CCimp,NEU,Residential and Commercial,61.217000000000006,72.5768,71.82039999999999,74.931,77.35470000000001,80.8292,81.38889999999999,81.08950000000002,76.63759999999999,76.1211,76.11959999999999,75.4923,70.3991,63.5427,53.5818,42.873900000000006,Emissions,Mt CO2e/yr
REMIndia-MAgPIE 3.2-4.6,SSP2-NPi-CCimp,OAS,,17.8431,21.0132,24.8573,28.5631,32.6708,36.8481,40.7552,44.4947,48.1751,51.7519,55.1937,58.4881,64.5016,69.4261,73.0556,75.4837,Emissions,Mt CO2e/yr
REMIndia-MAgPIE 3.2-4.6,SSP2-NPi-CCimp,OAS,Residential and Commercial,204.6411,199.9929,199.1249,223.16509999999997,231.8023,239.9164,280.68240000000003,286.09350000000006,317.8705,323.6334,306.9759,310.71680000000003,312.973,335.22729999999996,238.57330000000002,238.32270000000003,Emissions,Mt CO2e/yr
REMIndia-MAgPIE 3.2-4.6,SSP2-NPi-CCimp,REF,,7.6314,8.3147,8.8909,9.409,9.923,10.8025,11.5799,12.2598,12.8255,13.2987,13.7093,14.079,14.7263,15.322,15.9778,16.629,Emissions,Mt CO2e/yr
REMIndia-MAgPIE 3.2-4.6,SSP2-NPi-CCimp,REF,Residential and Commercial,248.36659999999998,255.3815,263.4895,335.1761,316.31820000000005,295.8026,292.4766,279.03819999999996,260.1759,242.1575,213.8787,195.15360000000004,184.7502,136.3091,101.7987,91.3441,Emissions,Mt CO2e/yr
REMIndia-MAgPIE 3.2-4.6,SSP2-NPi-CCimp,SSA,,10.6878,12.946,15.2115,17.6464,20.3584,24.5378,29.2915,34.6979,40.7114,47.3418,54.5946,62.4283,79.2483,96.0569,111.1356,123.772,Emissions,Mt CO2e/yr
REMIndia-MAgPIE 3.2-4.6,SSP2-NPi-CCimp,SSA,Residential and Commercial,103.81419999999999,108.2377,123.0697,168.8804,282.93039999999996,333.4149,374.1429,424.45390000000003,546.746,736.2359,664.0924,500.8493,448.9284,452.3399,509.5699,548.803,Emissions,Mt CO2e/yr
REMIndia-MAgPIE 3.2-4.6,SSP2-NPi-CCimp,United States of America,,27.4095,28.8458,30.5187,31.7833,34.2839,35.9769,37.5353,38.8371,39.9448,40.9369,41.8961,42.8945,45.0068,47.0683,48.9629,50.8418,Emissions,Mt CO2e/yr
REMIndia-MAgPIE 3.2-4.6,SSP2-NPi-CCimp,United States of America,Residential and Commercial,521.0592,499.31089999999995,459.57489999999996,446.9223,430.17990000000003,428.464,403.48049999999995,374.5279,362.5981,354.2024,337.3689,324.66839999999996,304.34929999999997,227.1688,202.79330000000002,175.4404,Emissions,Mt CO2e/yr
