policy_id,sector,source_cluster_id,policy_text,model_category,model_sub_code,model_confidence,model_reasoning,expert_original_label,expert_agrees_now,notes
BUILDING_010,BUILDING,64,"Queensland Heritage Act 1992: Sets up a heritage council to advise the Minister on heritage matters, provides administrative procedures and authority to protect heritage places listed in a register, allows submissions on proposed listings, and permits appeals by owners against listing decisions.",sufficiency,1.0,5,"matches sub-code 1 (cap/limit/ban): regulatory ceiling on demolition/alteration of heritage places, preserving existing building stock",Not a policy,,
BUILDING_031,BUILDING,60,Mandating radon activity concentration measurements in dwellings to avoid critical situations,sufficiency,1.0,5,"matches sub-code 1 (cap/limit/ban): regulatory ceiling on radon exposure, an absolute limit",Not a policy,,
BUILDING_045,BUILDING,6,"Provision of sufficient public utilities, such as portable water and electric supply",sufficiency,9.0,5,matches sub-code 9 (public provisioning securing needs at low throughput),Not a policy,,
FOOD_028,FOOD,5,Fine of 100-300 thousand rubles for legal entities who do not comply with the requirement to label products with GMOs,sufficiency,1.0,5,"matches sub-code 1 (cap/limit/ban): regulatory restriction on GMO products via labeling requirement, effectively limiting their market presence",Not a policy,,
FOOD_046,FOOD,78,EU Directive 1999/74/EC on Laying down minimum standards for the protection of laying hens,sufficiency,1.0,5,"matches sub-code 1 (cap/limit/ban): regulatory ceiling on animal density, an absolute limit on production capacity",Not a policy,,
FOOD_061,FOOD,34,Documentation of community-based land rights backed by law with strict legal enforcement.,sufficiency,1.0,5,matches sub-code 1 (cap/limit/ban): strict legal enforcement of land rights acts as a regulatory ceiling on land use change,Not a policy,,
INDUSTRY_022,INDUSTRY,20,Law no. 4 of 2009 concerning Mineral and Coal Mining,sufficiency,1.0,5,matches sub-code 1 (cap/limit/ban): regulatory ceiling on extraction,Not a policy,,
MACROECONOMIC_060,MACROECONOMIC,30,"Foreign exchange controls to limit speculation against the currency, restrict foreign exchange to government-approved exchangers (CBN), or limit the amount of currency that can be imported or exported.",sufficiency,1.0,5,matches sub-code 1 (cap/limit/ban): absolute ceiling on currency flows,Not a policy,,
MATERIALS_002,MATERIALS,23,Edge-of-field wetlands,sufficiency,1.0,5,matches sub-code 1 (cap/limit/ban): regulatory ceiling on activity via protected area,Not a policy,,
MATERIALS_030,MATERIALS,39,International standards for toxic elements in drinking water,sufficiency,1.0,5,matches sub-code 1 (cap/limit/ban): regulatory ceiling on toxic elements in drinking water,Not a policy,,
MATERIALS_047,MATERIALS,58,Recommendation to locate septic tanks and local latrines away from wells to avoid contamination.,sufficiency,5.0,5,matches sub-code 5 (proximity/compactness/land sufficiency): spatial planning to avoid contamination and reduce need for treatment,Not a policy,,
MATERIALS_058,MATERIALS,32,Transboundary and subnational water-sharing agreements,sufficiency,1.0,5,matches sub-code 1 (cap/limit/ban): regulatory ceiling on water abstraction,Not a policy,,
MOBILITY_008,MOBILITY,2,Closure of transportation infrastructures connecting different parts of Sondrio during floods,sufficiency,0.0,5,"matches sub-code 0 (involuntary/non-policy demand cut): coerced closure during floods, not deliberate policy",Not a policy,,
SOCIAL_058,SOCIAL,71,Prohibition of marriage of Iranian women to foreign men without special permission from the government,sufficiency,1.0,5,matches sub-code 1 (cap/limit/ban): absolute prohibition on a specific activity,Not a policy,,
URBAN_003,URBAN,42,"Government measures in response to the COVID-19 pandemic that reduced anthropogenic activities (industrial, transportation) during the DLP-2020.",sufficiency,0.0,5,matches sub-code 0 (involuntary/non-policy demand cut): COVID-19 lockdowns reduced activities without deliberate sufficiency policy,Not a policy,,
URBAN_009,URBAN,42,Restricting the use of green spaces during pandemics to mitigate disease transmission,sufficiency,1.0,5,matches sub-code 1 (cap/limit/ban): regulatory restriction on use of green spaces,Not a policy,,
URBAN_038,URBAN,79,Implementation of restrictive measures in residential areas to reduce noise pollution,sufficiency,1.0,5,"matches sub-code 1 (cap/limit/ban): regulatory ceiling on noise, an absolute restriction",Not a policy,,
URBAN_041,URBAN,81,Informed land use planning in the Deukhuri Valley,sufficiency,5.0,5,"matches sub-code 5 (proximity, compactness & land sufficiency): spatial planning to avoid need",Not a policy,,
URBAN_042,URBAN,51,Expansion of the scale of cities and towns,sufficiency,5.0,5,"matches sub-code 5 (proximity, compactness & land sufficiency): expansion of urban scale implies limiting sprawl or promoting compactness",Not a policy,,
URBAN_065,URBAN,40,Establish market supervision and government monitoring mechanisms to prevent the public facilities supply market from becoming a proﬁt-seeking tool for capital,sufficiency,9.0,5,"matches sub-code 9 (public provisioning): collective provision securing needs at low throughput, preventing profit-driven overconsumption",Not a policy,,
BUILDING_004,BUILDING,75,"Inclusion of land-use, water management, and materiality considerations in Approved Documents",sufficiency,5.0,4,"matches sub-code 5 (proximity, compactness & land sufficiency): land-use and water management considerations aim to reduce absolute demand for land and resources.",Not a policy,,
BUILDING_028,BUILDING,73,Environmental education of the society in the use of alternative solutions of building thermoregulation.,sufficiency,4.0,4,matches sub-code 4 (passive/climate-responsive design): education on alternative thermoregulation avoids active system demand,Not a policy,,
BUILDING_040,BUILDING,53,The maximized use of roof space,sufficiency,5.0,4,"matches sub-code 5 (proximity, compactness & land sufficiency): maximizing roof space avoids sprawl and reduces land demand",Not a policy,,
BUILDING_043,BUILDING,80,Introduction of the Cold Weather Plan for England,sufficiency,9.0,4,matches sub-code 9 (public provisioning): collective plan to secure health needs at low throughput during cold weather,Not a policy,,
BUILDING_048,BUILDING,43,Implement regular maintenance and inspections for educational facilities,sufficiency,7.0,4,"matches sub-code 7 (share, reuse, repair & prolong): maintenance prolongs building lifespan, avoiding new construction demand",Not a policy,,
ENERGY_018,ENERGY,27,Heat allowances for energy vulnerable consumers,sufficiency,9.0,4,matches sub-code 9 (public provisioning): collective provision securing needs at low throughput for vulnerable consumers,Not a policy,,
ENERGY_037,ENERGY,27,Financial support programs to fight energy poverty,sufficiency,9.0,4,"matches sub-code 9 (public provisioning): financial support secures basic energy needs at low throughput, reducing absolute demand for those in poverty",Not a policy,,
FOOD_008,FOOD,51,Supporting the formation and participation of farmer cooperatives,sufficiency,9.0,4,matches sub-code 9 (public/collective provisioning at low throughput) by enabling collective action that can reduce resource use,Not a policy,,
FOOD_025,FOOD,51,Commonly owned equipments can be purchased to encourage communal participation.,sufficiency,7.0,4,"matches sub-code 7 (share, reuse, repair & prolong): sharing equipment reduces absolute demand for new goods",Not a policy,,
FOOD_027,FOOD,55,Teach critical thinking so people can assess the social and environmental impacts of their dietary choices.,sufficiency,8.0,4,matches sub-code 8 (dietary & food-system sufficiency): aims to shift food consumption patterns toward lower-impact choices,Not a policy,,
FOOD_035,FOOD,51,Farmers opting for collective entrepreneurship through cooperatives instead of individual farming,sufficiency,9.0,4,matches sub-code 9 (public/collective provisioning at low throughput): cooperative farming can secure needs with lower material/energy throughput than individual farming,Not a policy,,
INDUSTRY_031,INDUSTRY,62,"Cannabis regulatory schemes that prioritize social equity and support for diverse entrepreneurs, with a focus on race, restorative justice, and gender.",sufficiency,9.0,4,matches sub-code 9 (public provisioning): regulatory scheme prioritizing social equity and restorative justice secures needs at lower throughput than market-driven approaches,Not a policy,,
INDUSTRY_054,INDUSTRY,20,"Policy-wise, this model offers a replicable framework for Indonesia’s mining transition strategies by promoting circular economy practices and community-led systems, emphasizing multi-sector livelihood integration.",sufficiency,7.0,4,"promotes circular economy practices and community-led systems, matching sub-code 7 (share, reuse, repair & prolong)",Not a policy,,
LOGISTICS_023,LOGISTICS,26,Establish proper logistics areas in the most advantaged regions,sufficiency,5.0,4,"matches sub-code 5 (proximity, compactness & land sufficiency): spatially avoid the need by locating logistics in advantaged regions",Not a policy,,
MACROECONOMIC_006,MACROECONOMIC,11,"Assignment of at least one seat per province in the TGNA, irrespective of the size of its population, favoring rural and agricultural interests.",sufficiency,5.0,4,"matches sub-code 5 (proximity, compactness & land sufficiency): spatial allocation favoring rural areas avoids concentration and sprawl",Not a policy,,
MACROECONOMIC_016,MACROECONOMIC,2,Economic diversification to reduce over-reliance on oil revenues,sufficiency,3.0,4,"matches sub-code 3 (reduce & right size): aims to lower absolute level of oil revenue dependence, not just intensity or substitution",Not a policy,,
MATERIALS_003,MATERIALS,83,Designing urban policies aimed at configuring urban space for water supply,sufficiency,5.0,4,"matches sub-code 5 (proximity, compactness & land sufficiency): configuring urban space to avoid demand",Not a policy,,
MATERIALS_010,MATERIALS,46,Public–private partnerships for water utilities,sufficiency,9.0,4,matches sub-code 9 (public/collective provisioning at low throughput) when partnership secures needs with lower resource use,Not a policy,,
MATERIALS_034,MATERIALS,21,Utilize information obtained according to generations and socio-demographic differences to establish communication and carry out practices that nourish positive attitudes or eliminate negative beliefs and prejudices regarding water consumption,sufficiency,3.0,4,matches sub-code 3 (reduce & right size): aims to lower absolute water consumption by changing attitudes and practices,Not a policy,,
MATERIALS_035,MATERIALS,53,Stringent monitoring of FSE operations by landlords with penalties applied for transgressions,sufficiency,1.0,4,matches sub-code 1 (cap/limit/ban): penalties enforce a regulatory ceiling on operations,Not a policy,,
MATERIALS_039,MATERIALS,22,"Decentralization of government services in Haiti, including water resources management",sufficiency,5.0,4,matches sub-code 5 (proximity/compactness): spatial reorganization to avoid transport demand and enable local resource management,Not a policy,,
MATERIALS_046,MATERIALS,6,Integration of informal waste collectors into structured programs such as cooperatives,sufficiency,7.0,4,"matches sub-code 7 (share, reuse, repair & prolong): integrating waste collectors supports reuse and prolongs material life, reducing absolute demand for virgin materials",Not a policy,,
MATERIALS_050,MATERIALS,24,Urban planning with good road network for waste collection,sufficiency,5.0,4,"matches sub-code 5 (proximity, compactness & land sufficiency): spatial planning to avoid the need for excessive transport",Not a policy,,
MATERIALS_051,MATERIALS,67,Public awareness campaigns on appropriate waste management practices,sufficiency,3.0,4,matches sub-code 3 (reduce & right size): aims to reduce waste/overconsumption through behavioral change,Not a policy,,
MATERIALS_054,MATERIALS,13,Financial compensation from the receivers of the water to cover all the costs derived from the transfer,sufficiency,2.0,4,matches sub-code 2 (demand-suppressing prices & taxes): financial compensation acts as a deterrent fee to cut water consumption,Not a policy,,
MATERIALS_060,MATERIALS,58,"Locate hand-dug wells a distance far away from pit latrines, soak away, industrial, mining and excessive agricultural prone areas to minimize high contamination.",sufficiency,5.0,4,matches sub-code 5 (proximity/compactness/land sufficiency): spatial planning to avoid contamination and reduce need for treatment,Not a policy,,
MATERIALS_061,MATERIALS,15,Incorporating waste management considerations into urban planning and residential design.,sufficiency,3.0,4,matches sub-code 3 (reduce & right size): aims to reduce waste/overconsumption by integrating waste management into planning and design,Not a policy,,
MATERIALS_062,MATERIALS,67,Campaigns of home composting awareness,sufficiency,3.0,4,"matches sub-code 3 (reduce & right size): reduces waste/overconsumption by diverting organic waste from disposal, lowering absolute material demand",Not a policy,,
MATERIALS_063,MATERIALS,6,Recognizing informal sector workers as key stakeholders in the solid waste management system.,sufficiency,7.0,4,"matches sub-code 7 (share, reuse, repair & prolong): integrating informal workers supports reuse/repair/recycling, extending material life and reducing absolute demand",Not a policy,,
MOBILITY_021,MOBILITY,15,Providing transportation allowances to reduce transportation barriers,sufficiency,6.0,4,matches sub-code 6 (modal or provisioning shift): allowance enables access without increasing private vehicle demand,Not a policy,,
NATURE_031,NATURE,94,Developing a comprehensive and inclusive Collaborative Management Plan for BB WR,sufficiency,1.0,4,matches sub-code 1 (cap/limit/ban): management plan likely imposes restrictions or limits on resource use in a protected area,Not a policy,,
NATURE_069,NATURE,44,Community sensitization programs incorporating fire management,sufficiency,1.0,4,"matches sub-code 1 (cap/limit/ban): community programs to manage fire imply restrictions on burning, an absolute limit on activity",Not a policy,,
SOCIAL_004,SOCIAL,24,Lifestyle marketing and sponsorships for alcohol,sufficiency,3.0,4,"matches sub-code 3 (reduce & right size): aims to lower consumption of alcohol, an absolute demand reduction",Not a policy,,
SOCIAL_013,SOCIAL,103,"Organizations, schools, universities and society in general should promote policies and practices that promote individuals’ perception of being important to the institution and to other members of that environment in order to reduce engagement in antisocial behaviors.",sufficiency,9.0,4,"matches sub-code 9 (public/collective provisioning at low throughput): promoting social inclusion to reduce antisocial behavior, a social-floor measure",Not a policy,,
SOCIAL_014,SOCIAL,4,Building a constructive dialog and granting more freedom in decision making and independence in daily activities,sufficiency,9.0,4,matches sub-code 9 (public/collective provisioning at low throughput): granting freedom and independence in daily activities aligns with social-floor measures securing needs at low material throughput.,Not a policy,,
SOCIAL_037,SOCIAL,107,Borrowing livestock from friends or relatives,sufficiency,7.0,4,"matches sub-code 7 (share, reuse, repair & prolong): sharing livestock avoids individual ownership and reduces absolute demand for animals",Not a policy,,
SOCIAL_038,SOCIAL,0,"Promotion of experiential learning opportunities, such as service-learning projects, community engagement initiatives, and simulations of democratic processes.",sufficiency,9.0,4,"matches sub-code 9 (public/collective provisioning at low throughput): experiential learning is a collective, low-material-throughput way to secure educational needs.",Not a policy,,
SOCIAL_057,SOCIAL,85,Nutrition education and other nutrition-related interventions for child health,sufficiency,8.0,4,"matches sub-code 8 (dietary & food-system sufficiency): nutrition education aims to shift food consumption patterns, reducing absolute demand for resource-intensive foods",Not a policy,,
SOCIAL_070,SOCIAL,113,Proper educational programs for PA engagement interventions,sufficiency,9.0,4,matches sub-code 9 (public/collective provisioning at low throughput) via educational programs as a social-floor measure,Not a policy,,
URBAN_022,URBAN,21,"Participatory Budgeting, allowing stakeholders to decide on allocating part of the city’s budget for resident-proposed initiatives",sufficiency,9.0,4,matches sub-code 9 (public provisioning): collective decision-making on budget allocation can secure needs at lower throughput,Not a policy,,
URBAN_032,URBAN,14,Innovative monitoring approaches and dedicated spatial planning for new forms of urban-rural mixes,sufficiency,5.0,4,"matches sub-code 5 (proximity, compactness & land sufficiency): spatial planning for urban-rural mixes avoids sprawl and reduces travel demand",Not a policy,,
URBAN_036,URBAN,21,"Community-based monitoring, where 82% of operational issues are identified and resolved at the community level.",sufficiency,9.0,4,"matches sub-code 9 (public/collective provisioning at low throughput): community-based monitoring resolves issues locally, reducing resource demand.",Not a policy,,
URBAN_037,URBAN,32,"'One core, five circles and four belts' plan for regional development",sufficiency,5.0,4,"matches sub-code 5 (proximity, compactness & land sufficiency): spatial planning to avoid sprawl and concentrate development",Not a policy,,
URBAN_051,URBAN,79,"Creating symmetrical land use compatibility zones centered around the vertipad/helipad, using the most significant distance of potential noise impact to define the border of a zone",sufficiency,5.0,4,"matches sub-code 5 (proximity, compactness & land sufficiency): spatially avoids the need by creating compatibility zones to limit noise impact",Not a policy,,
URBAN_063,URBAN,51,Policy of de-concentration of poverty by exporting it to other parts of the city or to the countryside,sufficiency,5.0,4,"matches sub-code 5 (proximity, compactness & land sufficiency): spatial de-concentration to avoid concentrated demand",Not a policy,,
URBAN_064,URBAN,50,Policies of decentralisation and the establishment of local level decision making bodies,sufficiency,5.0,4,"matches sub-code 5 (proximity, compactness & land sufficiency): decentralisation can enable local decision-making that avoids sprawl and promotes compact development",Not a policy,,
